GC1519F;Serra do Larouco - Montalegre;VILA REAL;Silvana;41.880233;-7.7193;TRADITIONAL;REGULAR;1.5;2;AVAILABLE;2007/08/01;139;1;12;1482
GC15536;Termas da Piedade [ Alcobaca];LEIRIA;dakidali;39.57;-9.000817;TRADITIONAL;REGULAR;1.5;1.5;AVAILABLE;2007/08/14;652;10;1;7
GCWDRF;Paul de Arzila [Coimbra];COIMBRA;cachespoter;40.178517;-8.554533;TRADITIONAL;REGULAR;1.5;1.5;AVAILABLE;2006/06/02;392;9;12;-9999999
GC1585G;AA10 - Parque Tematico da Lagoa;LEIRIA;H3A;39.833817;-8.855283;MULTI;REGULAR;2;1.5;AVAILABLE;2007/08/18;235;11;0;14
GCVN3W;The Mountain Shrine [Lousa];COIMBRA;Geografo;40.0983;-8.236367;TRADITIONAL;MICRO;3.5;2;AVAILABLE;2006/04/24;585;7;30;-9999999
GCH37D;Alto da Memoria;LISBOA;B.O.D.A.;38.777933;-9.439783;TRADITIONAL;REGULAR;2.5;2;AVAILABLE;2003/10/19;561;15;18;-9999999
GCRFDP;Pateira de Fermentelos [Agueda];AVEIRO;Macafe;40.573333;-8.527017;MULTI;REGULAR;2;1.5;AVAILABLE;2005/11/26;343;7;16;16
GC15AWK;Minas do Ouro Negro [Geoparque Arouca];AVEIRO;daraopedal;40.878783;-8.136;TRADITIONAL;SMALL;1.5;2.5;AVAILABLE;2007/08/21;319;2;23;671
GC130DA;Cerro de Cabeco de Camara [Loule];FARO;Torgut;37.113617;-8.061033;TRADITIONAL;SMALL;1.5;2;AVAILABLE;2007/05/18;230;2;4;220
GCQNA5;Penedo da Saudade [Coimbra];COIMBRA;gredinha;40.204733;-8.415267;TRADITIONAL;SMALL;2;1;AVAILABLE;2005/09/22;2254;27;42;97
GC156CZ;Baia do Burdo [Milfontes Powertrail #4];BEJA;btrodrigues;37.758967;-8.806617;TRADITIONAL;REGULAR;1.5;3;AVAILABLE;2007/08/13;329;7;11;30
GCWKW2;Era uma vez... no Jardim da Alameda;FARO;rifkindsss;37.014317;-7.9261;TRADITIONAL;SMALL;2;1.5;AVAILABLE;2006/06/04;999;89;7;-9999999
GC17887;Acude da Agolada (Coruche);SANTAREM;ftomar;38.964183;-8.561917;TRADITIONAL;SMALL;2;2;AVAILABLE;2007/11/07;187;18;7;61
GC17A3V;Monte da Armada -Capela S.Lourenco de Gondufe;BRAGA;teotonio;41.744817;-8.504483;TRADITIONAL;REGULAR;1.5;1.5;AVAILABLE;2007/11/06;91;9;2;-9999999
GC16QDA;Capela de St. Amaro [Vila do Conde];PORTO;cmcfaria;41.35625;-8.741517;PUZZLE;MICRO;3;1;AVAILABLE;2007/10/16;352;13;0;22
GC152KA;Meco - Entre Ceu & Mar.;SETUBAL;Busca-Busca.pt;38.471817;-9.186767;TRADITIONAL;SMALL;1.5;2;AVAILABLE;2007/08/11;288;13;6;31
GCW8TE;Samarra [Sintra];LISBOA;paulohercules;38.896983;-9.43525;TRADITIONAL;SMALL;2.5;2.5;AVAILABLE;2006/05/27;326;43;19;-9999999
GC16HG3;PILAR ;PORTO;eterlusitano;41.286617;-8.427467;TRADITIONAL;SMALL;3.5;2.5;AVAILABLE;2007/10/08;174;1;3;472
GCXTNF;Coracao Brigantino;BRAGANCA;dj green;41.79645;-6.751867;TRADITIONAL;SMALL;2;2.5;AVAILABLE;2006/08/19;403;12;5;-9999999
GC640F;Stairway to Heaven;VIANA DO CASTELO;GreenShades;41.973133;-8.233567;TRADITIONAL;REGULAR;2;4;AVAILABLE;2002/06/09;169;2;46;-9999999
GC15HQV;Teatro Solar [Faro];FARO;alieri;37.025017;-7.944417;TRADITIONAL;SMALL;2;1.5;AVAILABLE;2007/08/30;872;19;3;-9999999
GC119PC;M.A.N. - Movimento Anti Nos  [Estoril];LISBOA;Portelada;38.719233;-9.391817;TRADITIONAL;REGULAR;2;2.5;AVAILABLE;2007/03/06;311;6;8;73
GC15D76;14 - Powertrail do Montemuro - S. Pedro do Campo;VISEU;daraopedal;41.0077;-8.085367;TRADITIONAL;SMALL;1.5;2;AVAILABLE;2007/08/25;150;5;6;1115
GCG7H1;Enjoy Alcochete [Alcochete];SETUBAL;rebordao;38.745817;-8.976483;MULTI;REGULAR;2;3;AVAILABLE;2003/06/06;283;21;20;-9999999
GCW2P4;Brecha da Arrabida;SETUBAL;paulohercules;38.4579;-9.009833;TRADITIONAL;REGULAR;1.5;2;AVAILABLE;2006/05/16;556;16;24;182
GCPD17;Escape from the Mysterious Island [Caminha];VIANA DO CASTELO;Os Cacheiros Viajantes;41.859433;-8.874683;TRADITIONAL;REGULAR;2.5;2;AVAILABLE;2005/06/20;114;2;35;0
GCPGVQ;The Enigma of Sistelo's Viscounts [Arcos Valdevez];VIANA DO CASTELO;Os Cacheiros Viajantes;41.973733;-8.374217;MULTI;OTHER_SIZE;3;2.5;AVAILABLE;2005/06/30;78;3;10;266
GCPA00;Linhas de Torres Forte do Zambujal [Ericeira];LISBOA;play mobil;38.94955;-9.390083;TRADITIONAL;REGULAR;1.5;2;AVAILABLE;2005/06/13;506;4;47;66
GC110R1;Stay in Peace - Lazarus;SANTAREM;lynx pardinus;38.876183;-8.39695;TRADITIONAL;REGULAR;1;2;AVAILABLE;2007/02/18;229;8;5;104
GC142PK;Capela Sao Joao - Pitoes da Junias;VILA REAL;Panda Becas;41.83065;-7.974233;TRADITIONAL;MICRO;2;3.5;AVAILABLE;2007/07/02;93;3;22;1083
GC15G7E;Aula Magna ;LISBOA;lufi69;38.75245;-9.158867;PUZZLE;MICRO;3;1.5;AVAILABLE;2007/08/28;585;17;1;82
GC15RTQ;TF-06 Pedra Rolante;LEIRIA;trifaisca;39.5732;-8.851067;MULTI;REGULAR;1.5;2;AVAILABLE;2007/09/08;115;5;3;490
GC174W7;Alcaria Ruiva [ Mertola ];BEJA;alieri;37.700267;-7.76135;TRADITIONAL;REGULAR;1.5;3;AVAILABLE;2007/11/03;96;1;11;350
GCYHNG;TP02 - NO REINO DOS BURII [Pte da Barca];VIANA DO CASTELO;Fernando Rei;41.770867;-8.374217;TRADITIONAL;REGULAR;3.5;4;AVAILABLE;2006/09/27;99;3;20;720
GC15NXD;The Lagos 6+1: #5 - Sao Sebastiao;FARO;Team Caracache;37.101433;-8.677867;MULTI;SMALL;1.5;2;AVAILABLE;2007/09/04;187;2;3;-9999999
GC167C2;Ermidas-Sado [Santiago do Cacem];SETUBAL;MightyReek;38.002817;-8.414183;MULTI;SMALL;2;2;AVAILABLE;2007/09/25;95;19;5;-9999999
GCRE96;BH19 Scene from above [Portugal...];LISBOA;prodrive;39;-9.5;PUZZLE;SMALL;3;1.5;AVAILABLE;2005/11/23;173;13;9;0
GC16AY7;Funicular dos Guindais;PORTO;Macafe;41.143217;-8.608167;TRADITIONAL;SMALL;2;1.5;AVAILABLE;2007/09/02;2402;56;70;81
GCXF5A;Rota das Capelas;SETUBAL;papaleguas;38.473033;-8.999617;TRADITIONAL;SMALL;2;4;AVAILABLE;2006/08/01;300;20;4;-9999999
GC156RW;Praia da Angra da Cerva [Milfontes Powertrail #5];BEJA;vsergios;37.7518;-8.807383;TRADITIONAL;SMALL;1.5;2.5;AVAILABLE;2007/08/13;407;2;15;33
GC15QZW;POCO DA BARACEIRA;VIANA DO CASTELO;TheCelticSpirit;41.8223;-8.30045;MULTI;REGULAR;3;3;AVAILABLE;2007/08/21;76;3;33;-9999999
GCXW7V;Serra de Alvaiazere;LEIRIA;Paulo Martins;39.8271;-8.411533;TRADITIONAL;REGULAR;1.5;2.5;AVAILABLE;2006/08/21;244;3;3;605
GCTYDB;Ruinas do Pharol do Cabo Mondego;COIMBRA;rifkindsss;40.181233;-8.90505;MULTI;SMALL;2;2;AVAILABLE;2006/03/18;551;12;6;61
GCG349;Mouriscas [Setubal];SETUBAL;orebelo;38.529767;-8.807733;TRADITIONAL;REGULAR;2;2;DISABLED;2003/05/10;459;25;3;4
GC10H2Z;PROJECTO VG - S. GENS (SERRA D'OSSA);EVORA;Portelada;38.739467;-7.58385;TRADITIONAL;MICRO;1.5;4;AVAILABLE;2007/01/20;115;7;3;-9999999
GCMG50;Serra da Estrela - Aldeia Vicosa;GUARDA;meiolimao;40.5846;-7.327983;TRADITIONAL;SMALL;3;3;AVAILABLE;2004/12/30;111;9;1;717
GCXPYB;Cabeco da Neve [Tondela, Viseu];VISEU;almeidara;40.55315;-8.179083;TRADITIONAL;REGULAR;1.5;1.5;AVAILABLE;2006/08/14;366;12;8;975
GC12ZAB;Palacio de Monserrate [Sintra];LISBOA;All Happy;38.790033;-9.420033;TRADITIONAL;REGULAR;1.5;2.5;AVAILABLE;2007/05/18;405;6;30;214
GC1596Q;MOINHOS DE REI;BRAGA;eterlusitano;41.568867;-7.983783;TRADITIONAL;MICRO;2.5;2;AVAILABLE;2007/08/20;70;6;3;831
GCT9EM;Pomarao;BEJA;clcortez;37.55375;-7.525767;TRADITIONAL;REGULAR;3;2.5;AVAILABLE;2006/01/30;82;2;8;12
GC156T3;Parque de lazer da Palma [Arouca];AVEIRO;lamas;40.896833;-8.226317;TRADITIONAL;REGULAR;1;2;AVAILABLE;2007/08/16;66;1;1;630
GC88D3;Castelo dos Mouros;LISBOA;MAntunes;38.792783;-9.387783;TRADITIONAL;REGULAR;4;3.5;AVAILABLE;2002/09/01;706;184;123;388
GC16Y7B;Marina colours [Albufeira];FARO;alieri;37.080383;-8.261933;MULTI;SMALL;1.5;2.5;AVAILABLE;2007/10/24;887;17;43;3
GC14WVG;Castro da Carcoda - Andancas 2007 [S. Pedro Sul];VISEU;daraopedal;40.80375;-8.1208;TRADITIONAL;SMALL;2;3;AVAILABLE;2007/08/03;144;1;4;541
GC10ZNQ;DP31 - Serra Serrada;BRAGANCA;danieloliveira;41.968683;-6.7802;TRADITIONAL;REGULAR;2.5;1.5;AVAILABLE;2007/03/06;113;0;7;1256
GCR5C1;Sao Macario;VISEU;rifkindsss;40.8758;-8.061283;MULTI;REGULAR;2;2;AVAILABLE;2005/10/23;231;6;16;-9999999
GC126T1;Cavalo de Ferro [Entroncamento];SANTAREM;mtrevas;39.465467;-8.471167;TRADITIONAL;SMALL;3.5;2.5;AVAILABLE;2007/04/15;424;54;132;38
GCVRZB;Sabor Romano [Braganca];BRAGANCA;Bargao_Henriques;41.695333;-6.642867;TRADITIONAL;REGULAR;2;2.5;AVAILABLE;2006/05/01;45;2;8;-9999999
GCJVQV;Water Mills;BRAGANCA;afonso_loureiro;41.398267;-6.373733;TRADITIONAL;REGULAR;2;4;AVAILABLE;2004/06/26;82;4;8;-9999999
GCZP2A;Chromite - FeOCr2O3 - DP/EC5;BRAGANCA;danieloliveira;41.802433;-6.88395;EARTHCACHE;NOT_CHOSEN;1;1.5;AVAILABLE;2006/12/05;62;2;2;838
GCMD9N;Calcada Romana e a Portuguesa;LEIRIA;olharapo;39.60951;-8.76735;TRADITIONAL;REGULAR;1.5;3;AVAILABLE;2005/01/02;289;5;2;372
GC11Z6V;Marco dos 4 Concelhos [ARC-VFR-CPV-GDM];AVEIRO;daraopedal;41.001783;-8.390133;TRADITIONAL;REGULAR;1.5;1.5;AVAILABLE;2007/04/06;90;1;5;460
GCA14F;Cave of Santa Margarida;SETUBAL;MAntunes;38.4703;-8.986567;TRADITIONAL;SMALL;2;2;AVAILABLE;2002/10/27;850;54;138;11
GCZCAW;eMula [Sintra];LISBOA;SUp3rFM & Cruella;38.765;-9.422833;PUZZLE;SMALL;3;2.5;AVAILABLE;2006/11/15;222;24;11;-9999999
GC10V1Z;A Grande Castanheira [Vinhais];BRAGANCA;Pinaster;41.8605;-7.026033;MULTI;SMALL;1.5;1.5;AVAILABLE;2007/02/08;78;1;4;818
GCHRP5;Madrinha [Monchique];FARO;Torgut;37.309267;-8.611967;TRADITIONAL;REGULAR;3;2;AVAILABLE;2004/02/24;419;8;5;774
GCRM30;Santa Paleozoica [Valongo - pt+en];PORTO;caixeiros;41.1438;-8.467883;TRADITIONAL;SMALL;2;3;AVAILABLE;2005/12/10;197;5;7;347
GC16330;Eolo - Deus do vento[Coto do Boi-Geoparque Arouca];AVEIRO;daraopedal;40.8871;-8.229467;TRADITIONAL;SMALL;1.5;2;AVAILABLE;2007/09/20;73;3;6;958
GC13HFZ;Vassouras de raposa;SANTAREM;juquinha;39.508683;-8.029917;TRADITIONAL;REGULAR;1;2;AVAILABLE;2007/06/10;130;0;0;-9999999
GC14NKV;Bureau de Change;FARO;cmma07;37.251117;-7.582683;TRADITIONAL;SMALL;1.5;3;AVAILABLE;2007/07/27;105;0;3;265
GC57A6;Convent of the Storks [Figueira da Foz];COIMBRA;rifkindsss;40.045983;-8.782417;TRADITIONAL;REGULAR;1;2.5;AVAILABLE;2002/05/12;576;2;50;21
GCXR5Z;Indiana Jones e o Comboio Fantasma [Viseu];VISEU;almeidara;40.641983;-8.01525;TRADITIONAL;REGULAR;1.5;1.5;AVAILABLE;2006/08/16;395;38;29;417
GC14Z2W;Santa Marta Hill;SANTAREM;sammendes;39.491167;-8.666467;MULTI;REGULAR;2;2;AVAILABLE;2007/08/06;150;9;5;176
GC16K7J;Da Oliveira a Penha II [Guimaraes];BRAGA;hfilipe;41.445583;-8.292517;MULTI;REGULAR;2.5;2;AVAILABLE;2006/04/30;249;13;12;205
GCT93C;Piago;VILA REAL;pascoa;41.674783;-7.321067;TRADITIONAL;REGULAR;2;2;AVAILABLE;2006/01/29;75;3;5;590
GC10VPJ;Penha do Meio-Dia - Montejunto;LISBOA;McPenha;39.18855;-9.05465;TRADITIONAL;REGULAR;2;3;AVAILABLE;2007/02/09;403;2;46;544
GC16QCW;The Secret;LISBOA;antunesn;38.731217;-9.1458;TRADITIONAL;MICRO;2;1;AVAILABLE;2007/10/16;2091;123;1;75
GCZKKP;Hike it! [Lagoa de Santo Andre];SETUBAL;FGV;38.09385;-8.782283;TRADITIONAL;MICRO;1;2;AVAILABLE;2006/11/21;329;43;6;7
GCVPTW;O Mar e a Terra;COIMBRA;miguelmjeronimo;40.202467;-8.892733;TRADITIONAL;MICRO;2;3;AVAILABLE;2006/04/28;300;37;11;176
GC173Q1;Nos e Mos ao Vento!!!;LEIRIA;Lusitana Paixao;39.556117;-9.083517;TRADITIONAL;SMALL;1.5;2;AVAILABLE;2007/11/01;614;15;5;150
GC1020Z;GT Dino's Lunch Box [Sintra] [Lisbon};LISBOA;golden-team;38.808333;-9.481317;TRADITIONAL;LARGE;1.5;1.5;AVAILABLE;2006/12/29;387;9;17;57
GCF83C;A fronteira de Baixo [Castro Laboreiro];VIANA DO CASTELO;rob_geo;41.94855;-8.184467;TRADITIONAL;REGULAR;2;2.5;AVAILABLE;2003/04/12;88;7;11;571
GC13Y2K;Aqueduto da Amoreira - Elvas;PORTALEGRE;JorgeDraco & Anjo;38.878683;-7.171;TRADITIONAL;SMALL;1.5;1.5;AVAILABLE;2007/06/26;776;28;10;297
GC13KZ4;Termas da Amieira;COIMBRA;Tres Marias;40.09736;-8.7476;TRADITIONAL;REGULAR;2;3;AVAILABLE;2007/06/13;381;5;19;11
GCVG5P;SHOW ME THE MONEY! A tribute to Alves dos Reis.;PORTALEGRE;Geografo;39.123817;-7.71955;TRADITIONAL;SMALL;2;1.5;AVAILABLE;2006/04/16;80;1;4;170
GC16ZKC;Igreja Matriz da Golega;SANTAREM;sammendes;39.4018;-8.487067;TRADITIONAL;NOT_CHOSEN;1.5;1.5;AVAILABLE;2007/10/26;756;21;3;-9999999
GC14M5D;Bonjoia Heraldic Riddle;PORTO;kidloco;41.152683;-8.5762;PUZZLE;SMALL;3;1.5;AVAILABLE;2007/07/26;229;8;7;39
GC10YAH;Serra do Caldeirao [S.B. Alportel];FARO;Torgut;37.211633;-7.893733;MULTI;REGULAR;3;3;AVAILABLE;2007/02/19;50;8;7;463
GCZ85M;Alte la baixo [Alte];FARO;& Company;37.231633;-8.179467;TRADITIONAL;REGULAR;2;2;AVAILABLE;2006/11/01;527;29;69;150
GC11JB8;Moinho Ruivo [A-dos-Ruivos - Bombarral];LEIRIA;hulkman;39.281083;-9.117533;MULTI;SMALL;2;2;AVAILABLE;2007/03/19;210;10;2;-9999999
GCJN1H;Cabo da Roca II - The W point of Europa;LISBOA;Portelada;38.78435;-9.496;TRADITIONAL;REGULAR;1.5;3.5;AVAILABLE;2004/06/07;692;9;66;57
GC14BRP;Forgotten Gardens [Oeiras];LISBOA;Bringer;38.698239;-9.316369;TRADITIONAL;SMALL;2;2;AVAILABLE;2007/07/14;561;10;121;14
GC171VF;PR1 - Trilho das Jans;PORTALEGRE;almeidara;39.536467;-7.8253;TRADITIONAL;REGULAR;1.5;2.5;AVAILABLE;2007/10/29;33;3;5;65
GC10KYW;TF-01 Nascentes do Lena [Porto de Mos];LEIRIA;trifaisca;39.579033;-8.813;TRADITIONAL;SMALL;2;2;AVAILABLE;2007/01/28;233;2;3;192
GC174NQ;PR2 - MONTE DO MEROUCO - FOJO VELHO ;BRAGA;eterlusitano;41.552517;-8.161417;TRADITIONAL;SMALL;2;3.5;AVAILABLE;2007/11/02;35;3;5;536
GCWA0A;Surf Spot [Mafra];LISBOA;Bargao_Henriques;39.00065;-9.42525;TRADITIONAL;REGULAR;1.5;2.5;AVAILABLE;2006/05/29;520;2;12;10
GC15APG;Nascente do Vale da Pipa [Thomar];SANTAREM;paulohercules;39.627517;-8.459083;TRADITIONAL;REGULAR;2;3;AVAILABLE;2007/08/23;223;2;39;-9999999
GCQXDH;Salty Pirate Island (Ilha do Rato, Lisbon/Montijo);SETUBAL;DerAlex;38.68695;-9.03585;TRADITIONAL;REGULAR;4;5;AVAILABLE;2005/10/08;180;7;55;0
GC12MV8;Santo Isidro de Pegoes [Montijo];SETUBAL;Tanyne;38.681733;-8.664017;TRADITIONAL;SMALL;1;1;AVAILABLE;2007/05/05;542;11;7;60
GCY3MF;Black Pit [Penafiel];PORTO;Silvana;41.0581;-8.3678;TRADITIONAL;REGULAR;2;3;AVAILABLE;2006/09/02;64;9;7;33
GCX3Y3;22.5 House Barao Sao Joao area, Algarve;FARO;Team Caracache;37.156283;-8.801617;MULTI;SMALL;3;3;AVAILABLE;2006/07/12;61;4;3;143
GCTN8E;The Spirit of Saint Louis;SETUBAL;FGV;38.53665;-8.9231;TRADITIONAL;REGULAR;2;3;AVAILABLE;2006/02/28;245;4;10;174
GC16HBH;Sao Bartolomeu do Outeiro;EVORA;tirapicos team;38.354267;-7.909483;MULTI;SMALL;2;1.5;AVAILABLE;2007/10/07;82;2;4;342
GC15AH7;Moinho do Perigo [Vinhais];BRAGANCA;Pinaster;41.826767;-7.0289;TRADITIONAL;SMALL;1.5;2;AVAILABLE;2007/08/18;33;2;4;609
GC14G30;The Dark Lady of Guadalupe (Vila do Bispo);FARO;Team Caracache;37.083017;-8.865917;MULTI;SMALL;2;2;AVAILABLE;2007/07/20;249;10;4;46
GCQ7JZ;O Ascensor da Bica / The Bica Funicular;LISBOA;rifkindsss;38.7086;-9.146883;TRADITIONAL;MICRO;2;1.5;DISABLED;2005/08/21;1373;122;61;20
GC12PBC;Letterbox Ti Jacinto [Alenquer];LISBOA;mtrevas;39.067367;-9.083333;LETTERBOX;REGULAR;3;2;AVAILABLE;2007/05/06;122;3;26;135
GC14NVR;O mais alto Alem Tejo...;PORTALEGRE;luis74;39.31355;-7.360717;TRADITIONAL;REGULAR;2;2.5;AVAILABLE;2007/07/27;186;23;8;-9999999
GC13K9C;Rio de Onor [PN Montezinho];BRAGANCA;almeidara;41.941067;-6.617283;MULTI;REGULAR;1.5;2;AVAILABLE;2007/05/17;90;8;8;-9999999
GCRX74;Monte Abraao Stonehenge;LISBOA;Lopesco;38.768817;-9.264583;TRADITIONAL;SMALL;3;3;AVAILABLE;2006/01/07;311;16;4;-9999999
GC10FGA;Linhas de Torres e as Comunicacoes [Ponte do Rol];LISBOA;almeidara;39.08675;-9.32305;TRADITIONAL;REGULAR;1;1.5;AVAILABLE;2007/01/20;355;14;3;29
GCR0YK;Ribeira de Seda - Alter do Chao;PORTALEGRE;M.I.K.E;39.265617;-7.7052;TRADITIONAL;REGULAR;2;3.5;AVAILABLE;2005/10/16;89;1;8;166
GCG1YK;Homage to Kazuo Dan [Torres Vedras];LISBOA;Lobo Astuto;39.135367;-9.382167;VIRTUAL;VIRTUAL;1;1;AVAILABLE;2003/05/03;838;0;22;17
GC15MH5;MOSTEIRO DE BUSTELO;PORTO;eterlusitano;41.229667;-8.270533;MULTI;SMALL;2;1.5;AVAILABLE;2007/09/03;130;13;0;258
GC13JYV;A Cache do Luis;PORTALEGRE;luis74;38.9163;-7.654117;TRADITIONAL;REGULAR;2.5;3;AVAILABLE;2007/06/07;44;2;4;449
GC176C6;[Siglas Poveiras] Senhora da Abadia;BRAGA;emlino;41.675167;-8.258583;TRADITIONAL;SMALL;3;1.5;AVAILABLE;2007/11/04;228;9;0;371
GC12ZEP;Mosteiro de S. Bento  ? Santo Tirso;PORTO;Silvana;41.345367;-8.471267;TRADITIONAL;SMALL;2;1;AVAILABLE;2007/05/16;850;11;4;51
GC152MJ;Caixinha de Musica;LISBOA;nunogil;38.749633;-9.179967;MULTI;SMALL;2;1;AVAILABLE;2007/08/11;391;34;12;-9999999
GC15994;Moinho da Tramaga;PORTALEGRE;TonyMary;39.229283;-8.02755;MULTI;SMALL;1.5;1.5;AVAILABLE;2007/08/19;126;11;7;-9999999
GCMK7A;Linhas de Torres - Forte da Aguieira [V.F.Xira];LISBOA;lamas;38.898567;-9.070383;TRADITIONAL;REGULAR;2;2;AVAILABLE;2005/01/23;381;4;16;239
GC10WZ9;Mamoas de Fulom [Junqueira - Vila do Conde];PORTO;eniel;41.39075;-8.672983;TRADITIONAL;SMALL;1.5;2;AVAILABLE;2007/02/11;288;4;1;50
GCYP99;Nossa Senhora da Abadia - Bouro Sta Maria, Amares;BRAGA;Jafqa;41.674067;-8.260233;MULTI;REGULAR;2.5;4;AVAILABLE;2006/10/05;125;14;7;-9999999
GCYGZA;Enigma;SETUBAL;NFreitas;38.64025;-9.159583;PUZZLE;NOT_CHOSEN;3.5;1;AVAILABLE;2006/09/25;300;57;28;6
GC16ZJ3;PARQUE DA CIDADE DE PAREDES;PORTO;eterlusitano;41.208733;-8.3252;TRADITIONAL;SMALL;1.5;1.5;AVAILABLE;2007/10/26;315;83;1;-9999999
GCQCH5;Ecopista Rio Minho (Moncao);VIANA DO CASTELO;cou;42.061867;-8.526083;TRADITIONAL;REGULAR;4;4;AVAILABLE;2005/08/31;176;11;5;17
GC164Z9;TP65- E tudo o vento levou [Cabeco de Montachique];LISBOA;btrodrigues;38.898417;-9.194083;TRADITIONAL;SMALL;1.5;3;AVAILABLE;2007/09/23;592;21;45;-9999999
GC105X2;Vilar Maior [Sabugal];GUARDA;HDV;40.476367;-6.940467;MULTI;LARGE;3;3;AVAILABLE;2007/01/03;40;8;3;775
GC15E3K;Colcurinho [Oliveira do Hospital];COIMBRA;team.fafnir;40.27795;-7.830183;MULTI;REGULAR;2;2;AVAILABLE;2007/08/26;130;6;37;650
GCXNNF;Alto da Lomba;COIMBRA;ReDaLeRt_PT;40.324517;-7.802433;TRADITIONAL;REGULAR;2.5;2.5;AVAILABLE;2006/08/10;103;7;0;649
GC1119W;Serra Sagrada de Grandola;SETUBAL;os_cinco_airados;38.16815;-8.585267;TRADITIONAL;SMALL;1;1.5;AVAILABLE;2007/02/19;251;2;4;139
GC154CN;My Precious...;SANTAREM;tiand;39.551367;-8.293983;TRADITIONAL;REGULAR;3;5;AVAILABLE;2007/07/31;269;5;23;-9999999
GC15BBE;Passaro de Chuva;LISBOA;Kelux;38.752683;-9.263217;TRADITIONAL;MICRO;2;1.5;AVAILABLE;2007/08/22;877;25;1;-9999999
GCT5Z4;Maunca;LEIRIA;SERGIO CRUZ;39.672417;-8.758883;TRADITIONAL;REGULAR;1;4.5;AVAILABLE;2006/01/25;226;11;7;404
GCQGW1;Sudokache;LISBOA;B.O.D.A.;38.8;-9.216667;PUZZLE;SMALL;3;2.5;AVAILABLE;2005/09/11;222;15;7;233
GC17AKM;Forte do Cavalo - Farois de Portugal;SETUBAL;PPereira;38.43465;-9.116317;TRADITIONAL;REGULAR;2;2.5;AVAILABLE;2007/11/10;849;15;1;8
GC14RQQ;Into the Unknown [Torredeita, Viseu];VISEU;Bringer;40.634539;-8.028031;MULTI;REGULAR;2;3.5;AVAILABLE;2007/07/28;67;7;3;420
GC15APY;A cache no centro [Charneca Caparica];SETUBAL;almeidara;38.589833;-9.198667;PUZZLE;MICRO;2.5;1.5;AVAILABLE;2007/08/21;175;8;2;63
GCRTE1;Vila da Povoa de Mon Real;LEIRIA;CastorSereno;39.85015;-8.856167;TRADITIONAL;MICRO;2.5;1.5;AVAILABLE;2005/12/31;695;39;5;38
GC11AJM;S. Miguel do Rio Torto 1 (Abrantes);SANTAREM;Akagi;39.441933;-8.20435;MULTI;REGULAR;2;3;AVAILABLE;2007/03/08;141;5;8;42
GC177PC;Barragem do Enxoe [Pias];BEJA;BMRatinho;37.995083;-7.4621;TRADITIONAL;REGULAR;2;1.5;AVAILABLE;2007/11/06;179;0;1;-9999999
GC15861;Miradouro de Senharei  [Arcos de Valdevez];VIANA DO CASTELO;Jafqa;41.8917;-8.4827;TRADITIONAL;SMALL;2;3;AVAILABLE;2007/08/18;179;2;2;536
GC11BE;LIS Spotter's Place;LISBOA;dmatos;38.7801;-9.140717;VIRTUAL;VIRTUAL;2;3;AVAILABLE;2001/07/21;1202;3;58;117
GC16JGV;O Mar Salgado...;LISBOA;Team Ferreira;38.825517;-9.4694;MULTI;SMALL;1.5;2;AVAILABLE;2007/10/10;240;12;5;3
GCV43A;GnE IV - Regueira [Rio Maior];SANTAREM;TattaTeam;39.365717;-8.948267;TRADITIONAL;LARGE;1.5;2.5;AVAILABLE;2006/03/28;341;8;2;104
GC123K9;PR1 Rota dos Laranjais;VISEU;almeidara;40.553933;-8.157967;TRADITIONAL;REGULAR;2;2;AVAILABLE;2007/04/11;152;8;5;-9999999
GC15CA3;AVENTURA NO RIO oLO;PORTO;eterlusitano;41.3073;-8.003233;TRADITIONAL;SMALL;2.5;3;AVAILABLE;2007/08/24;22;5;4;133
GCX9VK;Sesimbra's Castle [Sesimbra];SETUBAL;CrisLuiz;38.452783;-9.106333;MULTI;REGULAR;1.5;2;AVAILABLE;2006/07/23;697;16;18;211
GC15386;Penedo do Eido;VIANA DO CASTELO;Fernando Rei;41.799067;-8.273667;TRADITIONAL;REGULAR;3;3;AVAILABLE;2007/08/11;50;1;14;675
GC14Z6Y;VISTAS DE S. DOMINGOS ;AVEIRO;eterlusitano;41.0271;-8.351633;TRADITIONAL;REGULAR;1.5;1.5;AVAILABLE;2007/08/06;152;15;12;390
GCVJ73;Penedo da Amizade [Sintra];LISBOA;play mobil;38.792083;-9.390833;TRADITIONAL;REGULAR;2;3.5;AVAILABLE;2006/04/24;596;32;147;370
GC12DVZ;Barquinha e o Tejo aqui ao lado;SANTAREM;Paulo Martins;39.457333;-8.432383;MULTI;REGULAR;1.5;1;AVAILABLE;2007/04/24;490;32;7;25
GC161R7;Palacio Real [Vendas Novas];EVORA;AnitaLune;38.678267;-8.457033;TRADITIONAL;SMALL;2.5;1;AVAILABLE;2007/09/18;614;42;24;149
GC176YG;Poco das Pias;GUARDA;nmcouto;40.4558;-7.395583;TRADITIONAL;REGULAR;4;4.5;AVAILABLE;2007/11/05;47;3;1;917
GC16AZ6;AA13 - A Nossa Praia [Praia do Pedrogao];LEIRIA;Paulo_Domingues;39.91605;-8.954717;TRADITIONAL;SMALL;2.5;2;AVAILABLE;2007/09/30;820;30;1;2
GC13RR7;TF-04 O Eremita;LEIRIA;trifaisca;39.536617;-8.7324;TRADITIONAL;REGULAR;4;4;AVAILABLE;2007/06/20;112;7;41;462
GCGZCK;Fenda da Calcedonia;BRAGA;Silvana;41.725133;-8.200883;TRADITIONAL;REGULAR;2;4.5;AVAILABLE;2003/09/20;732;60;207;851
GCTGMM;Real Barraca [Lisboa];LISBOA;btrodrigues;38.707983;-9.197367;TRADITIONAL;MICRO;1;1;AVAILABLE;2006/02/18;752;79;5;82
GC1223G;Portas de Montemuro;VISEU;almeidara;40.967917;-8.008117;TRADITIONAL;REGULAR;2;2;AVAILABLE;2007/04/09;176;1;5;1203
GCPZ38;Lost Lagoon;VILA REAL;World_Photographer;41.758317;-8.026233;TRADITIONAL;REGULAR;2.5;2.5;AVAILABLE;2006/04/06;121;6;23;736
GCC353;Apocalyptic Visions [Mertola];BEJA;MAntunes;37.649883;-7.508117;TRADITIONAL;REGULAR;2;2.5;AVAILABLE;2003/01/12;301;8;68;118
GCTC0Y;O Tejo e mais belo [Lisboa];LISBOA;Felinos;38.69835;-9.179867;TRADITIONAL;SMALL;2;1;AVAILABLE;2006/02/07;1173;144;18;2
GC1777K;PR5 - ROTA DOS ESPIGUEIROS - CRUZ DO PENSAL ;BRAGA;eterlusitano;41.507867;-8.064517;TRADITIONAL;MICRO;2.5;2;AVAILABLE;2007/11/05;53;0;0;522
GC169XX;Monte Clerigo II;FARO;Psipsina;37.3439;-8.848967;TRADITIONAL;REGULAR;1.5;1.5;AVAILABLE;2007/09/29;584;19;2;45
GC11R16;Monte da Tumba [Torrao];SETUBAL;almeidara;38.283967;-8.23125;TRADITIONAL;REGULAR;1.5;1.5;AVAILABLE;2007/03/28;189;5;4;-9999999
GCGFWX;Horta;ARQUIPELAGO DOS ACORES;Pizza;38.531867;-28.6247;VIRTUAL;VIRTUAL;1;1;AVAILABLE;2003/07/19;537;1;38;2
GC14562;Foz Castle;PORTO;kidloco;41.149067;-8.673833;MULTI;MICRO;2;1.5;AVAILABLE;2007/07/12;242;36;7;7
GC13ZX0;Nascente do Rio Este;BRAGA;jcr;41.577283;-8.33475;TRADITIONAL;REGULAR;2;1.5;AVAILABLE;2007/06/28;198;5;1;479
GC16333;VISO ;BRAGA;eterlusitano;41.406733;-8.068683;MULTI;SMALL;2;2;AVAILABLE;2007/09/20;45;1;4;787
GCPBKB;Agua das Lombadas;ARQUIPELAGO DOS ACORES;The Possums;37.776933;-25.460833;TRADITIONAL;REGULAR;1;2;AVAILABLE;2005/06/07;415;8;25;567
GCQQ9H;Penedos de Gois;COIMBRA;grade;40.107283;-8.13055;TRADITIONAL;LARGE;4;4;AVAILABLE;2005/09/25;126;1;59;-9999999
GC172HY;Acude do Furadouro [Mora];EVORA;elpombero;38.967967;-8.209417;TRADITIONAL;SMALL;1;1.5;AVAILABLE;2007/10/30;323;8;3;53
GCQ6JN;Senhora da Guia [Belinho - Esposende];BRAGA;Paulo618;41.591083;-8.777633;TRADITIONAL;REGULAR;2;1.5;AVAILABLE;2005/08/18;621;8;10;-9999999
GCHQ8G;100coordenadas [near... I hope!];LISBOA;almeidara;38.815083;-9.391017;PUZZLE;REGULAR;4;2;AVAILABLE;2004/08/26;96;22;10;88
GC178TB;LAGOA AO VENTO (VG);BRAGA;eterlusitano;41.506417;-8.092883;TRADITIONAL;SMALL;2;2;AVAILABLE;2007/11/08;150;0;2;733
GCXMV2;Forte de Milreus [Mafra];LISBOA;Bargao_Henriques;38.983333;-9.420317;TRADITIONAL;REGULAR;2;2;AVAILABLE;2006/08/11;861;2;40;20
GCZM61;Vista de passaro;FARO;pfudiebe;37.088117;-8.718317;TRADITIONAL;REGULAR;1.5;1.5;AVAILABLE;2006/12/01;874;1;21;97
GC161QM;ABOADELA ;PORTO;eterlusitano;41.2773;-7.995267;TRADITIONAL;SMALL;1.5;1.5;AVAILABLE;2007/09/18;167;13;2;247
GC1779Z;A Passagem [Cartaxo];SANTAREM;FamiliaSilvestre;39.104717;-8.73335;TRADITIONAL;SMALL;2.5;2.5;AVAILABLE;2007/11/03;348;15;23;5
GCZ6BA;Lusiadas [Lisboa];LISBOA;almeidara;38.702183;-9.182833;PUZZLE;REGULAR;3;1.5;AVAILABLE;2006/11/03;302;11;5;27
GCZFEJ;Po-de-Anjo [Palmela, Setubal];SETUBAL;almeidara;38.564067;-8.938683;MULTI;REGULAR;1;1.5;AVAILABLE;2006/11/26;201;40;5;95
GC11PJH;Tres Minas - DP/EC9;VILA REAL;danieloliveira;41.494467;-7.521;EARTHCACHE;NOT_CHOSEN;1;1;AVAILABLE;2007/03/26;66;0;8;816
GC10GWX;Quatrim do Sul [Olhao];FARO;Torgut;37.035017;-7.7992;TRADITIONAL;REGULAR;2;2;DISABLED;2007/01/22;363;25;5;1
GC16820;Comporta do Sal / Salt Gate [Bizorreiro];COIMBRA;rifkindsss;40.102633;-8.806067;TRADITIONAL;MICRO;1.5;1.5;AVAILABLE;2007/08/15;302;13;2;-9999999
GCQ0JQ;Mafra Real;LISBOA;play mobil;38.938517;-9.321767;TRADITIONAL;REGULAR;1.5;1;AVAILABLE;2005/08/05;1265;50;21;245
GCN93J;Cactus Creek;FARO;FamiliaSilvestre;37.09035;-7.6826;TRADITIONAL;REGULAR;3;4;AVAILABLE;2005/03/29;323;11;9;3
GC155R7;s. mamede;BRAGA;vitinhaxXx;41.625567;-8.241783;TRADITIONAL;REGULAR;1.5;2;AVAILABLE;2007/08/15;230;6;2;652
GCTAT9;Rotas Lusitanas - Cabeco das Fraguas;GUARDA;beirabaixa.net;40.4245;-7.222533;TRADITIONAL;REGULAR;3.5;4;AVAILABLE;2006/02/04;46;1;7;-9999999
GCKH20;BH06 Estrela Garden [Lisboa];LISBOA;prodrive;38.714217;-9.15805;TRADITIONAL;MICRO;2;2;DISABLED;2004/09/11;935;74;11;84
GC16W9B;Vamos a banhos [Mangualde];VISEU;cmatos;40.604483;-7.872333;TRADITIONAL;REGULAR;2;3;AVAILABLE;2007/10/21;297;2;5;232
GC12FB1;House of Diamonds  [Lisboa];LISBOA;btrodrigues;38.708483;-9.1326;TRADITIONAL;MICRO;2;1.5;DISABLED;2007/05/12;1712;77;66;-9999999
GC15XJQ;Nas curvas do Paiva - Whitewaters [Arouca];AVEIRO;daraopedal;40.993067;-8.211783;TRADITIONAL;MICRO;2;2.5;AVAILABLE;2007/09/13;263;5;6;-9999999
GC1196Z;MARAGOUTOS ;PORTO;eterlusitano;41.3264;-8.272233;MULTI;REGULAR;2;2.5;AVAILABLE;2007/03/01;87;8;7;483
GC171VN;Viriatus eram prognatus hic [Lusitania];GUARDA;almeidara;40.322383;-7.685833;TRADITIONAL;SMALL;1.5;2;AVAILABLE;2007/10/29;126;12;4;811
GC11CPZ;#400 [Lisboa];LISBOA;B.O.D.A.;38.74385;-9.188017;MULTI;REGULAR;5;5;AVAILABLE;2007/03/11;251;9;82;93
GC15MGZ;MONTE DO CASTRO MOZINHO ;PORTO;eterlusitano;41.145967;-8.311483;TRADITIONAL;SMALL;1.5;1.5;AVAILABLE;2007/09/03;242;1;9;386
GC14NV8;Alegrete;PORTALEGRE;luis74;39.236883;-7.324533;TRADITIONAL;SMALL;1;1.5;DISABLED;2007/07/27;126;22;11;-9999999
GCTEQE;Linhas de Torres - Forte da Feira [ Malveira ];LISBOA;clcortez;38.935633;-9.255083;TRADITIONAL;SMALL;3;2;AVAILABLE;2006/02/13;630;22;15;247
GCQM5B;The Waterfall [Pitoes das Junias];VILA REAL;razalas;41.8298;-7.950083;TRADITIONAL;SMALL;2;3.5;AVAILABLE;2005/09/14;473;4;52;950
GC13DXT;Medieval Challenge;PORTO;kidloco;41.14105;-8.610567;MULTI;MICRO;4.5;3.5;AVAILABLE;2007/06/06;186;33;22;-9999999
GCQNY1;Biscaia;LISBOA;Teamnivea;38.7539;-9.476317;TRADITIONAL;SMALL;2.5;4.5;AVAILABLE;2005/09/24;179;2;31;10
GCV58K;GnE II ? Picota [Rio Maior];SANTAREM;clcortez;39.3607;-8.943717;TRADITIONAL;REGULAR;2;2.5;AVAILABLE;2006/03/27;409;4;0;115
GCZWBV;Catedral [Cristianismo];LISBOA;tmob;38.709667;-9.133917;TRADITIONAL;MICRO;1.5;1.5;AVAILABLE;2006/12/18;3494;108;7;-9999999
GC11C9F;DP 33 - Serra de Bornes;BRAGANCA;danieloliveira;41.43285;-7.008567;TRADITIONAL;SMALL;1.5;2;AVAILABLE;2007/03/09;94;7;8;1134
GC15527;E A PONTE LOURIDO ?!;PORTO;eterlusitano;41.34755;-7.988083;TRADITIONAL;SMALL;2.5;3;AVAILABLE;2007/08/14;25;11;5;116
GC14DBM;The Stargate Mystery;SETUBAL;Blue_Trekkers;38.616667;-9.233333;PUZZLE;SMALL;2.5;1.5;AVAILABLE;2007/11/07;280;3;5;0
GCZVVP;Levada do Coentral [Castanheira de Pera];LEIRIA;McPenha;40.066;-8.18;MULTI;REGULAR;2;3;AVAILABLE;2006/12/17;116;5;32;701
GC15P9Z;AA11 - Dom Quixote;SANTAREM;K!mPossible;39.588083;-8.67485;TRADITIONAL;REGULAR;2.5;2;AVAILABLE;2007/09/04;167;3;0;459
GC1483D;CORNOS DAS ALTURAS!;VILA REAL;Drager;41.710033;-7.824117;MULTI;REGULAR;4;3.5;AVAILABLE;2007/07/09;35;6;5;-9999999
GCWXQY;Duarte's cache [Alpha Centauri];LISBOA;danieloliveira;38.762433;-9.485017;TRADITIONAL;SMALL;1.5;3;AVAILABLE;2006/07/02;239;2;38;72
GC174X7;ARRIFE Total;SANTAREM;sammendes;39.5137;-8.565483;PUZZLE;OTHER_SIZE;2.5;2.5;AVAILABLE;2007/11/03;76;0;17;119
GCYVG5;Monte de Sao Silvestre [Viana do Castelo];VIANA DO CASTELO;marioafonso;41.721533;-8.7455;TRADITIONAL;REGULAR;2;3;AVAILABLE;2006/10/13;269;1;14;251
GC1598Y;PORTO D'OLHO;BRAGA;eterlusitano;41.577683;-7.971067;TRADITIONAL;SMALL;2;2;AVAILABLE;2007/08/20;73;2;5;-9999999
GCY6CB;three mountains;VISEU;rescue_man;41.004075;-7.801008;TRADITIONAL;REGULAR;1.5;1.5;AVAILABLE;2006/09/07;128;2;0;1082
GCHYTT;Alvao - Ranhadouro;VILA REAL;vfalco;41.34395;-7.8213;TRADITIONAL;REGULAR;2;1;AVAILABLE;2004/03/14;111;1;2;1156
GC12Y4J;The Masterpiece (Serralves);PORTO;kidloco;41.159783;-8.659833;PUZZLE;SMALL;4;1.5;AVAILABLE;2007/05/19;235;33;24;-9999999
GC14ZF7;S. Pedro Velho - Freita [Geoparque Arouca];AVEIRO;daraopedal;40.875067;-8.2809;TRADITIONAL;SMALL;2.5;2.5;AVAILABLE;2007/08/06;296;2;17;-9999999
GC15CA6;SR. DO CASTELO ;PORTO;eterlusitano;41.23475;-8.029967;TRADITIONAL;MICRO;2;2.5;AVAILABLE;2007/08/24;71;3;3;488
GCYHJ1;Silhas dos Ursos [Parque Nacional Peneda-Geres];BRAGA;razalas;41.745617;-8.1697;MULTI;REGULAR;2.5;4;AVAILABLE;2006/09/15;138;5;26;915
GCN0N8;Rocha dos Louros;ARQUIPELAGO DA MADEIRA;macmurphy;32.761867;-17.135683;TRADITIONAL;MICRO;3;4;AVAILABLE;2005/03/01;1178;18;39;1001
GCX69C;O Naufragio do San Pedro de Alcantara [Peniche];LEIRIA;paulohercules;39.375167;-9.3786;TRADITIONAL;OTHER_SIZE;2;2;AVAILABLE;2006/07/16;1492;49;69;2
GCY503;Navarone's Fortress [Trafaria];SETUBAL;B.O.D.A.;38.659617;-9.234283;MULTI;REGULAR;2;2.5;AVAILABLE;2006/10/26;390;19;86;80
GCG822;Rainbow Hydrothermal Vents;ARQUIPELAGO DOS ACORES;LordBritish;36.23;-33.903333;TRADITIONAL;MICRO;5;5;AVAILABLE;2002/07/19;-1;1;0;0
GCN0N2;Pe no Trilho [Batalha];LEIRIA;olharapo;39.635033;-8.758517;TRADITIONAL;REGULAR;2;3;AVAILABLE;2005/03/06;336;2;12;252
GC137ED;ALTO DA SR. DOS MONTES ;BRAGA;eterlusitano;41.405567;-8.34375;TRADITIONAL;SMALL;1.5;2;AVAILABLE;2007/05/26;193;8;1;384
GC4B0D;The Bear Treasure;LEIRIA;GreenShades;39.99185;-8.914717;TRADITIONAL;LARGE;2;3;AVAILABLE;2002/04/07;316;4;37;7
GCT7QN;What time is it? / Que horas sao? [Lisboa];LISBOA;rebordao;38.706233;-9.143067;PUZZLE;SMALL;3.5;2;AVAILABLE;2006/02/11;173;9;9;5
GCQYE3;Lenda de S. Pedro de Rates, Povoa de Varzim;PORTO;ar-my;41.42325;-8.672733;MULTI;SMALL;2;2;AVAILABLE;2005/10/12;415;1;3;40
GC15999;CABECEIRAS A VISTA;BRAGA;eterlusitano;41.490767;-8.02445;TRADITIONAL;REGULAR;2.5;2;AVAILABLE;2007/08/20;60;2;2;750
GC13JZ6;Monte S. Joao de Valinhas [Arouca];AVEIRO;daraopedal;40.93585;-8.263967;TRADITIONAL;SMALL;2;2.5;AVAILABLE;2007/06/08;93;3;1;429
GCWJ4A;PROJECTO VG - PATAIAS - [Alcobaca];LEIRIA;viperunderground;39.687167;-9.002333;TRADITIONAL;SMALL;1.5;3;AVAILABLE;2006/06/12;257;8;4;-9999999
GC10Q5F;PROJECTO VG - MONTES ALTOS [ALQUEVA];EVORA;Portelada;38.316783;-7.390433;TRADITIONAL;MICRO;2;1.5;AVAILABLE;2007/02/02;90;1;0;169
GCPM58;The Giants of Don Quijote - Sabugal;GUARDA;amoreira;40.3064;-7.155867;PUZZLE;REGULAR;1;1;AVAILABLE;2005/07/08;70;3;1;-9999999
GC12D6E;Gruta do Porto Covo [Alcabideche];LISBOA;MakoShark2;38.7545;-9.424167;TRADITIONAL;SMALL;1.5;1.5;AVAILABLE;2007/04/22;488;27;12;107
GC15FJM;Arnadelo (Vila Real);VILA REAL;prodrive;41.261067;-7.793433;TRADITIONAL;SMALL;1;2;AVAILABLE;2007/08/27;132;1;2;679
GC16KA8;Bob o Construtor [Alenquer];LISBOA;mtrevas;39.03605;-8.98635;PUZZLE;SMALL;4;1.5;AVAILABLE;2007/10/11;195;2;9;22
GCWM3R;Moinho do Pinheiro [Malcata];CASTELO BRANCO;rebordao;40.192233;-7.08935;TRADITIONAL;REGULAR;1.5;3;AVAILABLE;2006/06/16;38;0;1;-9999999
GC161R1;PICOTO (VG);PORTO;eterlusitano;41.285717;-8.018033;TRADITIONAL;SMALL;2;2;AVAILABLE;2007/09/18;77;5;1;526
GCX43C;Saint Claire [Barragem de Santa Clara];BEJA;CrisLuiz;37.53145;-8.440067;TRADITIONAL;SMALL;1.5;3.5;AVAILABLE;2006/07/12;66;2;9;125
GCXYCD;Cerro da Villa [Vilamoura - Loule];FARO;jcr;37.080033;-8.119533;MULTI;REGULAR;2.5;1.5;AVAILABLE;2006/08/24;355;16;10;8
GC16Z6D;Um museu original;LISBOA;clcortez;38.85855;-9.328517;TRADITIONAL;MICRO;3;1.5;AVAILABLE;2007/10/26;546;13;34;134
GC174F5;Ermida de Santo Amaro - A Capela Geodesica;BEJA;Almodovar;37.519583;-8.077683;TRADITIONAL;REGULAR;3.5;2;AVAILABLE;2007/11/02;250;3;25;331
GCZ5XH;Monte do Bernardino [Alhandra];LISBOA;miguelrk;38.936983;-9.042;MULTI;MICRO;3;3.5;AVAILABLE;2006/11/01;96;0;9;274
GC174WT;ARRIFE Twins VI;SANTAREM;sammendes;39.5844;-8.540717;TRADITIONAL;SMALL;2;3.5;AVAILABLE;2007/11/03;114;2;6;155
GC12653;Senhora do Castelo [Aljustrel];BEJA;MightyReek;37.88155;-8.1677;TRADITIONAL;SMALL;3;2.5;AVAILABLE;2007/04/08;363;24;24;-9999999
GC12M20;Capela de Santa Marta [Benquerenca];CASTELO BRANCO;Blue_Trekkers;40.205533;-7.239867;TRADITIONAL;REGULAR;1.5;3;AVAILABLE;2007/04/28;54;3;0;792
GC13KTF;Telheiras - Porta do Ceu;LISBOA;acasim;38.760567;-9.16655;MULTI;SMALL;2;1.5;AVAILABLE;2007/06/13;467;47;53;97
GC11WKC;Senhor dos Martires [Alcacer do Sal];SETUBAL;almeidara;38.372867;-8.520783;TRADITIONAL;REGULAR;1.5;1.5;AVAILABLE;2007/04/02;862;25;20;28
GC16673;ONDE MELHOR SE VE GUIMARAES;BRAGA;eterlusitano;41.433867;-8.269033;TRADITIONAL;MICRO;2.5;1.5;AVAILABLE;2007/09/24;790;45;14;557
GCNVB0;Forte do Pessegueiro;SETUBAL;GlorfindelPT;37.827683;-8.791817;TRADITIONAL;REGULAR;1;2;AVAILABLE;2005/05/08;1473;9;73;-9999999
GCPAZT;Historical Villages - Castelo Mendo;GUARDA;[Walrus];40.591483;-6.9487;TRADITIONAL;REGULAR;2;2.5;AVAILABLE;2005/06/16;357;6;22;705
GCM81C;The Giants, the Douro river and the City!;VISEU;lamechas;41.114233;-7.845317;MULTI;REGULAR;2.5;3;AVAILABLE;2004/12/09;118;9;2;981
GCPFNG;Linhas de Torres Monumento e Forte de Alhandra;LISBOA;lamas;38.925267;-9.015083;MULTI;SMALL;2;2.5;AVAILABLE;2005/06/26;278;13;9;65
GC153VK;Arouca - visita guiada / A guided visit;AVEIRO;daraopedal;40.927733;-8.247033;MULTI;SMALL;2;2;AVAILABLE;2007/08/12;243;3;18;-9999999
GC14Y8J;Respeitem o Ludo [Faro];FARO;hugo.jesus;37.03621;-7.98539;TRADITIONAL;SMALL;2;1.5;AVAILABLE;2007/08/05;514;5;4;8
GCQ839;Barragem da Venda Nova;VILA REAL;FGV;41.689633;-7.9542;MULTI;MICRO;2.5;2.5;DISABLED;2005/08/15;94;6;1;-9999999
GC16J4Y;Anta de Pavia;EVORA;almeidara;38.894133;-8.017317;MULTI;REGULAR;1.5;1.5;AVAILABLE;2007/10/09;238;20;17;-9999999
GCNEHE;DP5- Nutty Toon Cache;LISBOA;danieloliveira;38.754033;-9.431683;TRADITIONAL;SMALL;3.5;4.5;AVAILABLE;2005/04/11;204;15;32;-9999999
GCKQ09;Barragem de Alqueva;EVORA;clcortez;38.1956;-7.498233;TRADITIONAL;MICRO;2;1;AVAILABLE;2004/09/19;619;25;7;159
GC151A2;Beleza da Barragem do Alto Rabagao;VILA REAL;Silvana;41.745533;-7.775717;TRADITIONAL;REGULAR;2;1.5;AVAILABLE;2007/08/04;158;0;8;884
GCQ6ZB;Ria de Alvor - E preciso proteger;FARO;Psipsina;37.12345;-8.613617;TRADITIONAL;SMALL;2;2.5;AVAILABLE;2005/08/19;849;15;15;3
GC12RXH;Funchal Walkabout;ARQUIPELAGO DA MADEIRA;The Garlands;32.6469;-16.9075;MULTI;MICRO;2;1.5;AVAILABLE;2007/07/24;1823;74;172;0
GC110VR;Senhora do Monte [Leiria];LEIRIA;cc_pt;39.689933;-8.761367;TRADITIONAL;REGULAR;2;2;AVAILABLE;2007/02/18;601;1;2;281
GC16ZFX;Sao Miguel-o-Anjo;BRAGA;razalas;41.457167;-8.386617;MULTI;REGULAR;1.5;2.5;AVAILABLE;2007/10/26;88;7;1;356
GCZW2H;Islamismo [Mesquita];LISBOA;nunogil;38.7353;-9.157933;PUZZLE;MICRO;2;1.5;AVAILABLE;2006/12/17;637;55;4;87
GC16FRW;Casa Estudio Carlos Relvas;SANTAREM;sammendes;39.402;-8.489267;TRADITIONAL;REGULAR;1.5;1;AVAILABLE;2007/10/07;643;9;23;23
GC1529A;Ponte da Panchorra;VISEU;blk.ngel;41.01435;-7.9755;TRADITIONAL;REGULAR;2;3;AVAILABLE;2007/08/11;109;6;6;1031
GC16JE9;YACIN - Coa [Sabugal];GUARDA;HDV;40.277667;-6.865433;TRADITIONAL;LARGE;2;2.5;AVAILABLE;2007/10/10;78;1;6;1158
GCPRKF;Penedo do Lexim Earthcache;LISBOA;lynx pardinus;38.8925;-9.311617;EARTHCACHE;NOT_CHOSEN;1;1;AVAILABLE;2005/07/18;335;0;45;186
GC15PP6;Railroad Station - Ponte de Sor {Projecto Geogare};PORTALEGRE;manelov;39.265483;-8.0129;TRADITIONAL;MICRO;2.5;1;AVAILABLE;2007/09/05;450;7;0;117
GC13Z4G;Tongobriga Roman City;PORTO;kidloco;41.165483;-8.146217;TRADITIONAL;SMALL;2;2;AVAILABLE;2007/06/29;224;5;8;-9999999
GC15210;BA02 - Barragem Marechal Carmona - Idanha-a-Nova;CASTELO BRANCO;bruno&ana.co;39.9464;-7.20185;TRADITIONAL;REGULAR;1.5;2.5;DISABLED;2007/08/07;269;7;3;277
GCZ5JP;Cucos Valley [Torres Vedras];LISBOA;MONTE DA LUA;39.090417;-9.2413;TRADITIONAL;REGULAR;1.5;1.5;AVAILABLE;2006/11/01;611;6;9;40
GCXQ8F;Catorze [Milfontes Powertrail #2];BEJA;btrodrigues;37.765833;-8.8063;TRADITIONAL;SMALL;1.5;2.5;AVAILABLE;2006/08/14;391;1;10;19
GCG3TW;Aldeia Jose Franco [Mafra];LISBOA;Rechena;38.959617;-9.353417;VIRTUAL;VIRTUAL;2;1;AVAILABLE;2003/05/14;843;5;112;177
GCP9Y5;Miel Cache;FARO;Team Goofy;37.175483;-8.909083;TRADITIONAL;REGULAR;1;2.5;DISABLED;2005/06/13;674;3;8;-9999999
GC14GPJ;MOSTEIRO DE RORIZ;PORTO;eterlusitano;41.344517;-8.3806;TRADITIONAL;MICRO;1.5;1.5;AVAILABLE;2007/07/20;264;5;2;216
GC177GZ;Por Terras da Cereja;CASTELO BRANCO;nmcouto;40.105867;-7.501517;MULTI;MICRO;1.5;1.5;AVAILABLE;2007/11/06;87;13;4;1136
GC148QM;penedo das letras (braga);BRAGA;vitinhaxXx;41.467367;-8.457917;MULTI;REGULAR;2;2;AVAILABLE;2007/07/10;157;8;8;442
GCP3HY;Sem Medo (Alcobaca);LEIRIA;olharapo;39.551767;-9.053033;TRADITIONAL;REGULAR;1.5;1;AVAILABLE;2005/05/29;452;0;9;28
GC10YKD;Vasco da Gama [Lisboa];LISBOA;funkymunkyzone;38.780767;-9.0922;TRADITIONAL;MICRO;1;1;DISABLED;2007/04/04;2150;202;6;3
GC15ZJF;Paco de Giela [Arcos de Valdevez];VIANA DO CASTELO;jmesteves68;41.849617;-8.408017;MULTI;REGULAR;2;2;AVAILABLE;2007/09/16;203;5;7;71
GCXEYT;A Margem do Meio [V.F.Xira, Lisboa];LISBOA;almeidara;38.834417;-8.9678;TRADITIONAL;REGULAR;1;1.5;AVAILABLE;2006/08/01;168;12;11;4
GCZ5KE;Castro Zambujal [Torres Vedras];LISBOA;MONTE DA LUA;39.0747;-9.2847;TRADITIONAL;REGULAR;2.5;1.5;AVAILABLE;2006/11/01;354;3;6;-9999999
GCNAG5;The Toy Box;LISBOA;clcortez;38.842717;-9.237433;TRADITIONAL;LARGE;2;2.5;AVAILABLE;2005/04/02;130;4;8;152
GCJ639;Bicas Beach [Aldeia do Meco];SETUBAL;B.O.D.A.;38.459067;-9.195267;TRADITIONAL;REGULAR;2;3;AVAILABLE;2004/04/12;311;21;14;-9999999
GC13B9B;The Electro Box;LISBOA;clcortez;38.880933;-9.1381;TRADITIONAL;LARGE;3.5;4;AVAILABLE;2007/06/01;124;14;19;195
GCKGDF;Tou a Nora... [Galafura];VILA REAL;Silvana;41.173083;-7.67235;MULTI;REGULAR;1;1;AVAILABLE;2004/09/05;126;9;12;617
GCKPNA;Vera Cruz [Portel];EVORA;clcortez;38.229383;-7.680567;TRADITIONAL;REGULAR;2.5;2;AVAILABLE;2004/09/19;133;10;8;308
GC1563P;MOSTEIRO DE CETE;PORTO;eterlusitano;41.180367;-8.366517;TRADITIONAL;SMALL;2;1;AVAILABLE;2007/08/15;350;17;3;153
GC173X8;ARRIFE Twins I;SANTAREM;sammendes;39.495767;-8.628167;TRADITIONAL;SMALL;1.5;3.5;AVAILABLE;2007/11/01;107;1;9;207
GCXXY4;Sudoku Symphony of the Serras;FARO;Team Caracache;37.2657;-8.7007;PUZZLE;REGULAR;3;3;AVAILABLE;2006/09/11;40;5;5;-9999999
GC16W4E;Miradouro de Montemor-o-Velho;COIMBRA;Tres Marias;40.184433;-8.678067;TRADITIONAL;MICRO;1;2;AVAILABLE;2007/10/20;684;4;0;78
GC16MM8;RELOGIO DE SOL - ALPEDRIZ;LEIRIA;NSilva & Gorete;39.6267;-8.94945;MULTI;SMALL;1;1.5;AVAILABLE;2007/10/13;304;3;0;42
GCHWVE;Afloramentos Graniticos;LISBOA;RASD;38.76105;-9.435083;TRADITIONAL;REGULAR;2;3;AVAILABLE;2004/03/11;544;12;81;329
GC16657;Fafiao - Varanda das Sombrosas;BRAGA;naventuras;41.733567;-8.078883;TRADITIONAL;SMALL;1.5;4;AVAILABLE;2007/09/23;87;1;21;815
GCKGCX;Ilha das Berlengas (Peniche);LEIRIA;tetra;39.417833;-9.503117;TRADITIONAL;REGULAR;1.5;4;DISABLED;2004/08/27;571;21;40;0
GCZCZ8;Upheaval at 90 million years - DP/EC4;LISBOA;danieloliveira;38.737717;-9.455717;EARTHCACHE;NOT_CHOSEN;3;1;AVAILABLE;2006/11/20;228;0;2;52
GC13G32;Parque Ambiental [Vilamoura];FARO;Torgut;37.096617;-8.149367;MULTI;SMALL;2;2.5;AVAILABLE;2007/06/13;332;8;21;5
GCPTNN;Castro de Sao Paio [Labruge - Vila do Conde];PORTO;protoZoa;41.280533;-8.729833;TRADITIONAL;REGULAR;1;2;AVAILABLE;2005/07/20;743;5;39;7
GC8EF9;AZGTJ - Translant Chess Cache;ARQUIPELAGO DOS ACORES;Gummy(Az) Team;38.73375;-27.054767;TRADITIONAL;REGULAR;1.5;2;AVAILABLE;2001/05/15;702;29;28;-9999999
GC14849;Sino dos Mouros [Moledo];VIANA DO CASTELO;My Greenway Tours;41.836767;-8.866417;TRADITIONAL;SMALL;3;4;AVAILABLE;2007/07/08;215;33;20;-9999999
GC16TT0;Terreiro de Sansao;COIMBRA;lestro;40.211067;-8.42942;TRADITIONAL;MICRO;2;1;DISABLED;2007/10/20;1699;53;58;30
GCQXCZ;Costa Azul [Santiago Cacem];SETUBAL;G@tos;38.0578;-8.81955;TRADITIONAL;SMALL;2;3;AVAILABLE;2005/10/08;253;3;11;22
GC14J75;Seaside Heights [Albufeira];FARO;Bringer;37.086517;-8.166733;MULTI;REGULAR;2;3;AVAILABLE;2007/07/22;610;15;48;12
GC12WX3;Anta... [Mangualde];VISEU;cmatos;40.570117;-7.771;TRADITIONAL;REGULAR;1.5;1.5;AVAILABLE;2007/05/12;270;4;5;398
GC1632B;SANTO OVIDIO ;BRAGA;eterlusitano;41.456067;-8.1849;TRADITIONAL;SMALL;2.5;3.5;AVAILABLE;2007/09/20;137;13;1;302
GCPKZJ;Historical Villages - Marialva;GUARDA;MAntunes;40.913733;-7.230883;TRADITIONAL;REGULAR;2;2;DISABLED;2005/07/06;308;16;37;-9999999
GCRM3D;Rio Paleozoico [Valongo - pt+en];PORTO;caixeiros;41.15355;-8.481767;TRADITIONAL;SMALL;2;2;AVAILABLE;2005/12/10;261;6;5;44
GCT6B6;As Muralhas do Mondego;COIMBRA;lestro;40.1758;-8.68345;TRADITIONAL;REGULAR;1;1.5;AVAILABLE;2006/01/27;1015;9;20;48
GCRQT1;Guns of Navarone [Trafaria];SETUBAL;B.O.D.A.;38.668217;-9.235267;TRADITIONAL;REGULAR;2;2;AVAILABLE;2005/12/26;612;9;100;-9999999
GCRTHY;Ponta da Piedade - Lagos;FARO;xouricos;37.0804;-8.66985;TRADITIONAL;REGULAR;1.5;1.5;AVAILABLE;2005/12/31;2734;22;145;16
GC118FY;Monte de Faro - Esposende;BRAGA;Sagitario;41.541833;-8.753633;TRADITIONAL;SMALL;1.5;2.5;AVAILABLE;2007/03/04;288;7;9;157
GCW2RN;Ursa [Sintra];LISBOA;btrodrigues;38.79325;-9.49139;TRADITIONAL;REGULAR;1.5;3;AVAILABLE;2006/05/14;238;5;48;-9999999
GCW29Z;PROJECTO VG - MANIQUE ;LISBOA;All Happy;38.747567;-9.361633;TRADITIONAL;SMALL;1.5;3;AVAILABLE;2006/05/15;275;26;5;175
GCVZ4H;Marmitas de Gigante [Sesimbra];SETUBAL;truta;38.4611;-9.046883;TRADITIONAL;REGULAR;2.5;4;AVAILABLE;2006/05/08;292;3;71;-9999999
GCWZWZ;Mother's cache [Milky Way];LISBOA;danieloliveira;38.7634;-9.488017;TRADITIONAL;SMALL;1.5;2;AVAILABLE;2006/07/06;228;1;30;-9999999
GCNGJQ;Salta Fronteiras entre Fafe Felgueiras;BRAGA;saltafronteiras;41.409667;-8.183483;TRADITIONAL;SMALL;3;3;AVAILABLE;2005/04/16;76;5;1;-9999999
GCZ9WE;Stadium Algarve [Faro - Loule];FARO;Torgut;37.08685;-7.97515;MULTI;REGULAR;1;1;AVAILABLE;2006/11/10;512;11;8;41
GCP877;Marconi [Oeiras];LISBOA;nunogil;38.7189;-9.242033;TRADITIONAL;SMALL;1.5;1.5;AVAILABLE;2005/06/09;462;31;2;-9999999
GC1C89;A Praia e o Rio [Ericeira];LISBOA;btrodrigues;38.937;-9.413833;TRADITIONAL;REGULAR;1.5;2;AVAILABLE;2001/09/11;524;8;40;61
GCPTXZ;The Odeceixe Beach;BEJA;zoom_bee;37.444867;-8.798433;TRADITIONAL;REGULAR;1.5;2.5;AVAILABLE;2005/07/22;400;7;40;33
GCV6MG;Homem das Cavernas;SANTAREM;joaocardoso;39.675417;-8.434767;MULTI;REGULAR;3.5;5;AVAILABLE;2006/04/02;108;5;61;147
GCN6YP;The sun watch of Margiochi;EVORA;Zimbra Team;38.56735;-7.910983;TRADITIONAL;SMALL;1.5;1.5;DISABLED;2005/03/24;1197;86;3;-9999999
GC11FRJ;SANTA TECLA;BRAGA;eterlusitano;41.415433;-8.405267;TRADITIONAL;REGULAR;2;2;AVAILABLE;2007/03/14;302;12;3;288
GC11CP6;[Siglas Poveiras] Senhora da Bonanca;BRAGA;eniel;41.512667;-8.784083;TRADITIONAL;SMALL;2;1.5;DISABLED;2007/03/11;785;25;1;4
GC9E71;Pulo do Lobo;BEJA;MAntunes;37.80425;-7.634783;TRADITIONAL;REGULAR;3;3.5;AVAILABLE;2002/10/20;152;34;35;68
GC171ZK;Pego das Pias [Odemira];BEJA;MightyReek;37.6444;-8.619517;TRADITIONAL;REGULAR;2;3;AVAILABLE;2007/10/27;109;24;24;-9999999
GC101DW;As Duas Torres [Minas Tirith];SETUBAL;almeidara;38.634217;-9.1865;MULTI;REGULAR;2.5;2.5;AVAILABLE;2007/01/01;193;25;8;49
GC12ETJ;Cidai Pilgrim;PORTO;kidloco;41.32015;-8.594517;TRADITIONAL;SMALL;1;1.5;AVAILABLE;2007/04/26;412;8;3;181
GCWDDE;Prado do Vidoal [Geres - pt+en];BRAGA;caixeiros;41.76725;-8.1468;MULTI;SMALL;2.5;3;AVAILABLE;2006/06/03;155;6;41;860
GCKMJH;Dinosaur Trackways Natural Monument;SANTAREM;CarFil;39.570567;-8.591367;TRADITIONAL;REGULAR;2.5;2;AVAILABLE;2004/10/02;422;6;11;316
GCRGDY;BH21 Les Aventures de Tintin [Lisboa];LISBOA;prodrive;38.727583;-9.2271;TRADITIONAL;SMALL;1;2;AVAILABLE;2005/11/29;633;18;20;-9999999
GCW620;Castelo [Alusbona];LISBOA;almeidara;38.713206;-9.132102;TRADITIONAL;MICRO;2.5;1;AVAILABLE;2006/05/22;2567;149;15;79
GC15EEM;Rua de Santo Antonio [Faro];FARO;Torgut;37.016183;-7.932483;TRADITIONAL;MICRO;2;1;AVAILABLE;2007/09/12;750;39;7;7
GC15TPE;Sr. da Saude [Vale de Cambra];AVEIRO;daraopedal;40.800983;-8.382833;TRADITIONAL;SMALL;2;2.5;AVAILABLE;2007/09/08;233;2;0;687
GC14Y9J;Moinhos Gemieira (Ecopista Ponte Lima-Ponte Barca);VIANA DO CASTELO;cou;41.783133;-8.52405;TRADITIONAL;REGULAR;1.5;2;AVAILABLE;2007/08/05;342;4;22;-9999999
GC12QG5;KING OF THE WORLD;VILA REAL;Silvana;41.601633;-7.726033;TRADITIONAL;REGULAR;2;3;AVAILABLE;2007/05/06;47;0;5;860
GCQM5Z;The River [Vilar da Veiga- Geres];BRAGA;razalas;41.71125;-8.093267;TRADITIONAL;REGULAR;2;3;AVAILABLE;2005/09/16;339;6;15;420
GCYBXB;Castelo do Giraldo, O Sem Pavor;EVORA;defenderone;38.5375;-8.032983;TRADITIONAL;SMALL;2;2;AVAILABLE;2006/09/17;331;14;27;320
GC9F38;The Treasure Island;SANTAREM;MAntunes;39.461967;-8.384283;TRADITIONAL;REGULAR;2.5;2;AVAILABLE;2002/10/19;741;31;103;21
GC127CE;Baia do Seixal;SETUBAL;PPereira;38.639933;-9.105767;TRADITIONAL;SMALL;1.5;1;AVAILABLE;2007/04/16;964;19;5;5
GCQYPP;Lenda da Imagem da Nossa Senhora do Carmo;BRAGA;ar-my;41.448333;-8.522;MULTI;SMALL;2;2.5;AVAILABLE;2005/10/13;222;10;15;188
GC16J8A;Mosteiro de Santa Clara a Velha;COIMBRA;All Happy;40.202217;-8.432383;TRADITIONAL;SMALL;2;1.5;AVAILABLE;2007/10/26;2574;27;29;-9999999
GCED51;The Nest of Jonathan Livingston Seagul;FARO;GreenShades;37.14688;-8.917;TRADITIONAL;REGULAR;3;4.5;AVAILABLE;2003/03/15;258;18;123;5
GCYNHZ;Cinco Quinas [Sabugal];GUARDA;pipl;40.351483;-7.094733;TRADITIONAL;SMALL;1.5;1.5;AVAILABLE;2006/10/04;467;7;4;746
GC15WEE;QUE VISTA BEM APARECIDA !!;PORTO;eterlusitano;41.370667;-8.151967;TRADITIONAL;MICRO;2.5;2;AVAILABLE;2007/09/11;88;17;3;-9999999
GC161R2;Monte S. Adriao - Castelo de Paiva;AVEIRO;daraopedal;40.983567;-8.256867;TRADITIONAL;SMALL;1.5;1.5;AVAILABLE;2007/09/12;85;0;2;620
GC11NCC;Walking on SW Cliff?s;FARO;tfernandes;37.428567;-8.8071;TRADITIONAL;REGULAR;2;2.5;AVAILABLE;2007/03/24;289;0;10;27
GC11BWX;DP32 - Vila Boa de Ousilhao;BRAGANCA;danieloliveira;41.805767;-6.9166;TRADITIONAL;SMALL;1.5;3;AVAILABLE;2007/03/08;45;0;0;639
GCTC1P;The Watchtower [Lisboa];LISBOA;Felinos;38.730783;-9.131667;TRADITIONAL;SMALL;1.5;2;DISABLED;2006/02/07;870;46;25;91
GC15B20;E fez-se luz! [Arouca - pt+en];AVEIRO;caixeiros;40.879217;-8.134017;TRADITIONAL;SMALL;1.5;2;AVAILABLE;2007/08/21;302;5;18;667
GC15RF5;ST07 - CAPELA DE S. LOURENCO;BRAGA;SPY_Team;41.560367;-8.433683;MULTI;NOT_CHOSEN;1.5;1.5;AVAILABLE;2007/09/08;295;17;0;106
GCWMDG;O Cantinho Encantado [Alvor/Portimao];FARO;clcortez;37.133517;-8.595017;TRADITIONAL;SMALL;1.5;2;AVAILABLE;2006/06/15;1115;12;27;10
GC12TRR;3 toneladas de Ouro/ 3 tons of gold [Nisa];PORTALEGRE;rebordao;39.636417;-7.69285;TRADITIONAL;SMALL;2;3;AVAILABLE;2007/09/15;83;1;16;104
GC15CGR;Zavial Beach [Vila do Bispo];FARO;Jdmarques;37.0462;-8.87255;TRADITIONAL;SMALL;2;3;AVAILABLE;2007/08/24;609;12;24;6
GC1216J;CRASTO;VILA REAL;NSilva & Gorete;41.402817;-7.380033;TRADITIONAL;REGULAR;2;2.5;AVAILABLE;2007/04/08;77;0;5;-9999999
GC16555;Castro das Caldas [Gondizalves];BRAGA;20 ver;41.53895;-8.465417;TRADITIONAL;REGULAR;2;4;AVAILABLE;2007/09/23;141;2;1;263
GCG5DX;O Refugio de D. Teresa [Povoa de Lanhoso];BRAGA;gc_man;41.587167;-8.281333;TRADITIONAL;NOT_CHOSEN;2;2;AVAILABLE;2003/05/24;618;39;44;344
GC12CA1;Lendas e Lagoas;GUARDA;[Walrus];40.354683;-7.63755;TRADITIONAL;REGULAR;2;4;AVAILABLE;2007/04/22;62;2;12;1686
GC14D4M;CA #3 ? Facho (Torch) [Alcobaca];LEIRIA;HDV;39.5106;-9.143333;MULTI;REGULAR;2;4;AVAILABLE;2007/07/16;185;17;33;5
GC1359B;Zona Ribeirinha de Ponte de Sor;PORTALEGRE;manelov;39.252217;-8.005417;MULTI;SMALL;1.5;1.5;AVAILABLE;2007/05/25;277;1;0;95
GC14ADZ;Vale da Lapa - B44;LEIRIA;bmps2003;39.594083;-8.72015;TRADITIONAL;REGULAR;3;4;AVAILABLE;2007/07/12;162;9;7;424
GC15R79;Capela do Vale;SANTAREM;sammendes;39.485167;-8.535383;TRADITIONAL;SMALL;2.5;2;AVAILABLE;2007/09/07;702;22;14;32
GC16TFM;Portas de Lisboa;LISBOA;almeidara;38.753067;-9.20895;MULTI;REGULAR;1.5;2.5;AVAILABLE;2007/10/19;126;9;14;70
GC14ZY4;Armona [Olhao];FARO;FamiliaSilvestre;37.016433;-7.79615;TRADITIONAL;SMALL;1.5;1.5;AVAILABLE;2007/08/02;276;30;6;1
GC16Z5X;COSTA RASA VULGO TALEFE (VG);PORTO;eterlusitano;41.132483;-8.018883;TRADITIONAL;SMALL;3;2.5;AVAILABLE;2007/10/26;30;5;1;690
GC159Q4;Arronches - Pinturas Rupestres da Lapa dos Gaivoes;PORTALEGRE;meiolimao;39.149;-7.172667;TRADITIONAL;REGULAR;2;3;AVAILABLE;2007/08/15;122;8;2;349
GCXVT1;Areeiro - Pinhal de Leiria;LEIRIA;MR.MAG00;39.813967;-8.972167;TRADITIONAL;REGULAR;2.5;3.5;AVAILABLE;2006/08/20;350;6;32;67
GC11501;Cividade de Bagunte;PORTO;kidloco;41.383167;-8.656117;TRADITIONAL;SMALL;1.5;2;AVAILABLE;2007/02/25;389;2;6;193
GC7196;Megalithic Monuments (English version);PORTALEGRE;acaciolobo;39.424033;-7.476233;MULTI;REGULAR;1.5;1.5;AVAILABLE;2002/07/15;137;1;8;473
GCT86B;Aire [Ourem];SANTAREM;HDV;39.535883;-8.6366;TRADITIONAL;REGULAR;1;3;AVAILABLE;2006/01/30;218;1;11;672
GC156CP;Ponta do Landeiro [Milfontes Powertrail #6];BEJA;btrodrigues;37.7477;-8.81045;TRADITIONAL;REGULAR;1.5;2.5;AVAILABLE;2007/08/13;403;0;11;19
GCW7E3;Lince-iberico (Lynx pardinus);CASTELO BRANCO;olharapo;40.232117;-7.07065;TRADITIONAL;REGULAR;1;4.5;AVAILABLE;2006/05/24;40;0;1;1000
GCK1JY;Atlantis [Pico];ARQUIPELAGO DOS ACORES;Joao&Olivia;38.468917;-28.3994;TRADITIONAL;REGULAR;2;4.5;AVAILABLE;2004/07/20;196;25;48;2286
GC176VF;Mata da Margaraca [Arganil];COIMBRA;riraposo;40.215733;-7.918617;TRADITIONAL;REGULAR;1.5;2.5;AVAILABLE;2007/11/05;369;5;18;576
GC172JJ;Jardim de Mora;EVORA;elpombero;38.94615;-8.164983;TRADITIONAL;MICRO;1;1;AVAILABLE;2007/10/30;541;20;3;88
GC139NP;Victory Flags;PORTO;kidloco;41.161717;-8.583833;PUZZLE;SMALL;3;3;AVAILABLE;2007/06/01;226;18;3;108
GC112QB;Alcabri Que?;LISBOA;PLnauta;39.174533;-9.346867;TRADITIONAL;REGULAR;2;3;DISABLED;2007/03/21;228;7;15;80
GC176CK;Tapada's Secrets [Lisboa];LISBOA;Bringer;38.708517;-9.181117;MULTI;REGULAR;2.5;2.5;AVAILABLE;2007/11/04;187;11;41;41
GCM6HK;The Wolf Trap (Vila Real);VILA REAL;zoom_bee;41.391117;-7.71955;TRADITIONAL;REGULAR;1.5;1.5;AVAILABLE;2004/12/01;142;2;13;833
GC513F;A great view of Lisbon [Lisboa];LISBOA;orebelo;38.713783;-9.133117;VIRTUAL;VIRTUAL;1;1;AVAILABLE;2002/04/25;2612;8;297;84
GC15QGW;Em busca do vale encantado I [Senhora da Carvalha];GUARDA;paulomatos;41.063917;-7.211667;TRADITIONAL;REGULAR;1;1;AVAILABLE;2007/09/02;185;0;0;593
GCVCCN;Fontes de Estombar (Lagoa);FARO;Psipsina;37.163567;-8.4873;TRADITIONAL;REGULAR;2;1.5;AVAILABLE;2006/04/12;646;11;20;10
GCQJTW;Cerro da Cabeca Karren field [Olhao];FARO;alieri;37.109883;-7.7827;TRADITIONAL;REGULAR;2;4;AVAILABLE;2005/09/16;156;5;39;226
GCVYCY;Couto de Baixo [Viseu];VISEU;almeidara;40.658017;-8.0066;MULTI;REGULAR;1;1;AVAILABLE;2006/05/08;159;6;1;382
GC113WE;Graffiti House [VN1000Fontes];BEJA;Limao;37.745283;-8.792233;TRADITIONAL;SMALL;2;3;AVAILABLE;2007/02/20;448;4;11;53
GC137DE;Ermida do Livramento;SETUBAL;riraposo;38.1081;-8.677283;TRADITIONAL;REGULAR;1.5;1.5;AVAILABLE;2007/05/28;209;2;20;288
GCM2DA;Estrela do Sico [Pombal];LEIRIA;Baunilha & Chocolate;39.980167;-8.550067;MULTI;REGULAR;3;3.5;AVAILABLE;2004/11/14;266;7;20;154
GC16M14;Santuario da Senhora da Rocha;LISBOA;Kelux;38.721333;-9.24975;MULTI;REGULAR;2;2;AVAILABLE;2007/10/12;317;28;7;28
GC178CM;Ilha da Pomba;EVORA;Francis Carm;38.22035;-7.46975;TRADITIONAL;REGULAR;2.5;4.5;AVAILABLE;2007/11/07;34;0;1;142
GC14Y7J;Entre-Aguas - Benavila;PORTALEGRE;NGCAvis;39.117167;-7.8682;TRADITIONAL;SMALL;2;1;AVAILABLE;2007/08/05;226;5;4;127
GCW37V;Lost in Cabeca [Seia];GUARDA;Geografo;40.319717;-7.737367;TRADITIONAL;SMALL;1.5;2.5;DISABLED;2006/05/17;135;19;10;477
GC16041;R12 Fojo Lobal [Cabreira - Vieira do Minho];BRAGA;jcr;41.63145;-8.030383;TRADITIONAL;SMALL;1.5;1.5;AVAILABLE;2007/09/16;42;2;0;1082
GC16TVF;Ganda Pedrada ... [Serra da Peneda];VIANA DO CASTELO;pxlobo;41.928983;-8.2917;TRADITIONAL;REGULAR;2;4.5;AVAILABLE;2007/10/14;48;0;16;1393
GCAA8D;Cold Spring [Tomar];SANTAREM;pmateus21;39.677467;-8.437883;TRADITIONAL;SMALL;2;2;AVAILABLE;2002/11/10;351;34;4;91
GC15VRB;Moinho das Pernadas [Odeleite];FARO;NFreitas;37.34695;-7.468717;TRADITIONAL;MICRO;1.5;1;AVAILABLE;2007/09/10;149;3;7;17
GC157ZG;K6 Fojo [Arrabida];SETUBAL;bolacha;38.454833;-9.0157;TRADITIONAL;SMALL;2;3.5;AVAILABLE;2007/08/18;198;19;66;5
GCVZ7D;GnE II d - Oferta de emprego: Pirata! [Cascais];LISBOA;rebordao;38.750367;-9.471583;TRADITIONAL;SMALL;2.5;4;AVAILABLE;2006/05/10;250;6;57;31
GC179EE;Nossa Senhora da Arrabida;SETUBAL;Os Galaxy;38.4942;-8.9669;TRADITIONAL;REGULAR;1.5;1;AVAILABLE;2007/11/09;689;17;10;-9999999
GCYVQV;Indiana Jones e a Ponte Perdida [Vouzela, Viseu];VISEU;almeidara;40.716783;-8.119183;TRADITIONAL;REGULAR;1.5;3;AVAILABLE;2006/10/13;250;14;20;320
GCV4HP;Era uma vez... na Serra da Boa Viagem;COIMBRA;rifkindsss;40.192967;-8.882983;TRADITIONAL;REGULAR;1.5;1.5;AVAILABLE;2006/03/29;669;67;5;238
GC112BQ;As Meninas d'Odivelas;LISBOA;vsergios;38.790833;-9.181833;TRADITIONAL;MICRO;1.5;1.5;AVAILABLE;2007/02/21;761;39;7;-9999999
GC13MJ9;Cruz de Portugal [Xelb];FARO;clcortez;37.1943;-8.432117;TRADITIONAL;MICRO;2.5;1.5;AVAILABLE;2007/06/13;969;91;0;11
GC14Y15;GT Friends Cache [Serra do Sintra] [Lisbon];LISBOA;golden-team;38.77625;-9.408417;TRADITIONAL;REGULAR;1;4.5;AVAILABLE;2007/08/05;280;18;73;409
GCQN5Q;Noudar [ Barrancos ];BEJA;clcortez;38.1785;-7.064333;TRADITIONAL;REGULAR;2.5;3;AVAILABLE;2005/09/22;151;2;41;-9999999
GC14Z6D;ONDE MELHOR SE VE AROUCA;AVEIRO;eterlusitano;40.932867;-8.22535;TRADITIONAL;SMALL;1.5;1.5;AVAILABLE;2007/08/06;294;7;9;694
GCRH48;Monte Branco [Nazare];LEIRIA;olharapo;39.60055;-9.067117;TRADITIONAL;REGULAR;1;3;AVAILABLE;2005/11/27;1048;7;8;36
GCPRK6;Parque Natural de S. Matias;VISEU;jorgeconceicao;40.795;-7.661967;TRADITIONAL;REGULAR;1;2;AVAILABLE;2005/07/17;79;2;4;719
GCQHWR;Vicky;VILA REAL;Amaro_Team;41.805933;-7.963383;TRADITIONAL;REGULAR;4;3.5;AVAILABLE;2005/09/10;38;0;12;808
GCTHFG;Numb3rs [Lisboa];LISBOA;almeidara;38.762867;-9.0954;PUZZLE;MICRO;2;1;AVAILABLE;2006/02/20;1217;34;8;7
GCX4WA;The Battle [Sao Pedro das Cabecas];BEJA;CrisLuiz;37.6778;-8.035417;TRADITIONAL;REGULAR;1.5;1.5;AVAILABLE;2006/07/14;276;2;8;234
GC153KC;Carris Perdidos [Lx];LISBOA;almeidara;38.7026;-9.18025;MULTI;SMALL;1.5;1.5;AVAILABLE;2007/08/12;212;5;3;7
GC10W81;Conventos e Radares - Montejunto;LISBOA;McPenha;39.174317;-9.060367;TRADITIONAL;REGULAR;2;3;AVAILABLE;2007/02/10;693;12;37;639
GC16XN1; Potholes - who dunnit? - DP/EC13;BRAGANCA;danieloliveira;41.890417;-6.933983;EARTHCACHE;NOT_CHOSEN;1;1;AVAILABLE;2007/10/23;74;0;3;660
GC16A3V;Sea on the rocks;LISBOA;geosuchs;38.887117;-9.4382;TRADITIONAL;REGULAR;3;1.5;AVAILABLE;2007/09/29;224;2;1;51
GC10QPE;Quinta das Campainhas;LISBOA;juquinha;38.746533;-9.182467;MULTI;MICRO;2;1;AVAILABLE;2007/02/04;284;13;6;76
GCW5H3;Baleal [Peniche];LEIRIA;paulohercules;39.372967;-9.3414;TRADITIONAL;OTHER_SIZE;2;1.5;AVAILABLE;2006/05/21;1648;37;15;3
GCGC2H;Alemanha em Fatima[Leiria];SANTAREM;Rechena;39.630167;-8.673;VIRTUAL;VIRTUAL;1;1;AVAILABLE;2003/06/28;2300;3;99;355
GCTWFD;AZGT Welcome to Caldeira Santo Cristo [Sao Jorge];ARQUIPELAGO DOS ACORES;teamjorgenses;38.627283;-27.936817;TRADITIONAL;SMALL;1.5;3;AVAILABLE;2006/06/04;187;13;2;22
GC12V5Q;AMARANTE E MUSICA PROS NOSSOS OUVIDOS;PORTO;eterlusitano;41.267817;-8.079017;MULTI;MICRO;2.5;2;AVAILABLE;2007/05/11;138;15;11;-9999999
GCQT4E;Cache Valinhas (Sto Tirso);PORTO;zoom_bee;41.30375;-8.447733;TRADITIONAL;REGULAR;1.5;2;AVAILABLE;2005/09/25;367;8;12;299
GCN3NX;CEM CACHES [Sintra];LISBOA;Portelada;38.770633;-9.454083;TRADITIONAL;REGULAR;1.5;3;AVAILABLE;2005/03/14;516;12;65;459
GC162D8;MARANCINHO;PORTO;eterlusitano;41.263333;-8.031483;MULTI;SMALL;1.5;2;AVAILABLE;2007/09/19;38;7;1;255
GC1563H;Capela Sao Luis da Serra [Setubal];SETUBAL;NFreitas;38.5291;-8.932633;MULTI;REGULAR;3;2.5;AVAILABLE;2007/08/15;319;5;1;154
GCHJ8R;Granja dos Serroes karren field [Sintra];LISBOA;play mobil;38.861283;-9.302983;TRADITIONAL;REGULAR;2.5;3;AVAILABLE;2004/01/23;277;9;48;148
GCMD9X;The Prophet;ARQUIPELAGO DA MADEIRA;Crocodilo;33.086667;-16.355883;MULTI;SMALL;2;2;AVAILABLE;2005/01/02;123;4;7;-9999999
GCT68J;Senhora da Luz;LEIRIA;nunaum;39.685183;-8.884;TRADITIONAL;SMALL;1.5;1.5;AVAILABLE;2006/01/27;552;23;14;120
GCGEN1;Book Box;LISBOA;MAntunes;38.874267;-9.204783;TRADITIONAL;LARGE;1;3.5;AVAILABLE;2003/07/12;192;8;47;241
GC14KTH;Barragem de Paradela;VILA REAL;os_cinco_airados;41.774767;-7.96545;TRADITIONAL;MICRO;1.5;1.5;AVAILABLE;2007/07/24;133;6;0;726
GCR9RW;Cantaro Magro;GUARDA;nat_cache;40.328033;-7.5991;TRADITIONAL;REGULAR;2;4.5;AVAILABLE;2005/11/05;249;7;79;-9999999
GC132ZY;A mais antiga! [Lamego];VISEU;almeidara;41.107017;-7.783067;MULTI;REGULAR;1.5;1.5;AVAILABLE;2007/05/21;97;14;2;280
GC16P3C;Castro de Praganca [Cadaval];LISBOA;HDV;39.19795;-9.058883;TRADITIONAL;REGULAR;2;1.5;AVAILABLE;2007/10/14;338;5;18;294
GCK8F1;J-ATBASH-te Banho? [VN1000F];BEJA;paulohercules;37.715567;-8.777217;TRADITIONAL;SMALL;2;4;AVAILABLE;2004/08/01;499;56;108;33
GCRYRG;Moinho do Outeiro [Condeixa-a-Nova];COIMBRA;gredinha;40.059583;-8.480733;TRADITIONAL;REGULAR;1.5;1.5;AVAILABLE;2006/01/08;416;4;7;357
GCWA0B;"Praia do Coxo" [Mafra];LISBOA;Bargao_Henriques;39.006267;-9.425267;TRADITIONAL;REGULAR;1.5;2;AVAILABLE;2006/05/29;599;17;14;-9999999
GC150DG;A ver estrelas...;PORTO;p@Che;41.149983;-8.638783;PUZZLE;REGULAR;2.5;3;AVAILABLE;2007/09/11;265;8;6;-9999999
GC158WW;Farol [Ferragudo];FARO;mtrevas;37.106117;-8.519567;TRADITIONAL;REGULAR;1.5;1.5;AVAILABLE;2007/08/17;1347;13;17;6
GC145CT;Olha os Passarinhos !!! [Lagoa de Obidos];LEIRIA;McPenha;39.399583;-9.1868;TRADITIONAL;REGULAR;1.5;1.5;AVAILABLE;2007/07/06;391;6;5;5
GC16FTZ;Mondadeiras de V. de Maceiras sobre 99 passadeiras;PORTALEGRE;geosuchs;39.061283;-7.586967;TRADITIONAL;REGULAR;1;1;AVAILABLE;2007/10/07;66;1;2;179
GCTMQN;Condestavel [Ourem];SANTAREM;HDV;39.642283;-8.592717;TRADITIONAL;SMALL;1.5;1;AVAILABLE;2006/02/27;980;5;26;308
GCMQ74;Mural;LISBOA;lynx pardinus;38.726733;-9.16135;TRADITIONAL;MICRO;2.5;1;AVAILABLE;2005/02/07;874;55;5;-9999999
GCWVKQ;The Stolen Gold of Romarigaes  [Paredes de Coura];VIANA DO CASTELO;Os Cacheiros Viajantes;41.866867;-8.6254;MULTI;REGULAR;3.5;3.5;AVAILABLE;2006/06/28;52;4;9;231
GC118B7;Fonte do Pedro;PORTO;emlino;41.4427;-8.678333;TRADITIONAL;SMALL;2;2.5;AVAILABLE;2007/03/03;231;10;1;101
GC15Q0E;Garganta de Loriga;GUARDA;caedabarra;40.3317;-7.647267;TRADITIONAL;NOT_CHOSEN;2.5;4.5;AVAILABLE;2007/08/31;136;0;32;1498
GCWVTR;Frogs;ARQUIPELAGO DA MADEIRA;macmurphy;32.771833;-17.076683;TRADITIONAL;SMALL;2;2.5;AVAILABLE;2006/06/12;925;22;6;1578
GCGTWC;Armacao do Barril;FARO;NCarvalho;37.089667;-7.662617;TRADITIONAL;REGULAR;2;3;AVAILABLE;2003/08/29;678;20;7;3
GC10ZNM;DP30 - Montesinho;BRAGANCA;danieloliveira;41.95295;-6.761433;TRADITIONAL;REGULAR;1;2;AVAILABLE;2007/03/05;124;0;3;1213
GC15JX8;The Lagos 6+1: #3 - Bensafrim;FARO;Team Caracache;37.155333;-8.73355;MULTI;SMALL;1.5;3.5;AVAILABLE;2007/09/01;136;13;10;24
GCKQG3;Antenas do Marao;VILA REAL;loilok;41.24855;-7.887417;TRADITIONAL;SMALL;2;1.5;AVAILABLE;2004/09/09;185;16;7;1401
GC127DV;Santuario do Senhor Do Monte;VILA REAL;Silvana;41.67715;-7.621667;TRADITIONAL;REGULAR;2;3;AVAILABLE;2007/04/10;94;1;0;641
GC16B2G;Espigueiros de Soajo;VIANA DO CASTELO;Fernando Rei;41.872217;-8.262517;MULTI;SMALL;3;2;AVAILABLE;2007/09/30;181;20;31;282
GCJRPT;Castelo;LISBOA;bye_xinha;38.7204;-9.284233;TRADITIONAL;SMALL;3;2.5;AVAILABLE;2004/06/22;349;5;14;100
GC1575N;BlackJack;LISBOA;Blue_Trekkers;38.763186;-9.061146;PUZZLE;MICRO;3;1;AVAILABLE;2007/08/18;413;66;2;0
GC14VBN;Ciclopista Guimaraes-Fafe;BRAGA;jmaferreira;41.42085;-8.230183;TRADITIONAL;REGULAR;1;3;AVAILABLE;2007/08/01;296;0;1;275
GC10701;Mosteiro de Santa Clara (Vila do Conde);PORTO;Jafqa;41.35335;-8.739133;TRADITIONAL;SMALL;1;1;AVAILABLE;2007/01/05;1350;21;22;22
GCM8AA;Mosteiro de Cos [Alcobaca];LEIRIA;olharapo;39.605683;-8.95495;TRADITIONAL;REGULAR;2.5;2;AVAILABLE;2004/12/10;404;16;4;82
GCMXZR;Senhora do Monte;LISBOA;[Walrus];38.719483;-9.132433;TRADITIONAL;MICRO;2.5;1.5;AVAILABLE;2005/02/27;1017;151;39;80
GC13MBB;Fogo;VILA REAL;Reino Maravilhoso;41.172633;-7.67215;MULTI;REGULAR;2;2;AVAILABLE;2007/06/14;95;2;4;616
GCPCMB;Braga por um Canudo;BRAGA;Pedro_Alvares_Cabral ;41.553983;-8.381417;MULTI;REGULAR;2;3;AVAILABLE;2005/06/20;502;23;27;291
GC16D8X;Caca ao Tesouro;SANTAREM;ftomar;39.689383;-8.234267;TRADITIONAL;SMALL;1;1;AVAILABLE;2007/09/29;322;1;11;185
GC1030Y;Abutres!;CASTELO BRANCO;MAntunes;39.66005;-7.175167;MULTI;REGULAR;2;2.5;AVAILABLE;2006/12/29;31;1;11;161
GCKYQH;Chafariz de Loures;LISBOA;clcortez;38.830283;-9.16755;MULTI;REGULAR;2.5;2;AVAILABLE;2004/10/30;283;21;44;22
GCZ820;ENCYCLOPAEDIA GALACTICA [Constancia];SANTAREM;Paulo Martins;39.495783;-8.324533;TRADITIONAL;SMALL;1;1.5;AVAILABLE;2006/11/06;571;2;23;152
GC15YGX;Egas Moniz;PORTO;emlino;41.166217;-8.345667;TRADITIONAL;REGULAR;1.5;2;AVAILABLE;2007/09/14;310;3;3;144
GC111CZ;The Circuit of the Coke [:)];BEJA;almeidara;37.57765;-8.261933;MULTI;REGULAR;1.5;1.5;AVAILABLE;2007/02/19;93;4;5;209
GCJW6E;Cristo Rei [Almada];SETUBAL;btrodrigues;38.678433;-9.170417;TRADITIONAL;SMALL;1.5;1.5;AVAILABLE;2004/07/03;1813;43;55;-9999999
GC11ZJP;S. Miguel do Rio Torto 2 (Abrantes);SANTAREM;Akagi;39.4174;-8.266267;TRADITIONAL;REGULAR;3;4;AVAILABLE;2007/04/06;75;3;20;101
GC12B19;Vista Armona [Olhao];FARO;alieri;37.029533;-7.81245;TRADITIONAL;SMALL;2;2;AVAILABLE;2007/04/21;417;19;8;3
GC127B0;Ermida de Sao Domingos;VISEU;Saltacachinhas;41.1204;-7.746733;TRADITIONAL;REGULAR;1;1.5;AVAILABLE;2007/04/14;227;11;0;716
GCW245;cache motard;FARO;jorgefjr;37.116867;-8.012283;TRADITIONAL;REGULAR;2.5;3;AVAILABLE;2006/05/14;325;8;1;-9999999
GC14HF4;Antas da Masmorra;FARO;GadgetTracker;37.377217;-7.86355;TRADITIONAL;REGULAR;1;3;AVAILABLE;2007/07/22;71;5;2;351
GC16X2A;BG03 - Parapente;LEIRIA;BVGeMCM;39.54545;-8.790817;TRADITIONAL;REGULAR;1.5;2;AVAILABLE;2007/10/21;125;4;0;578
GC16R3B;Quinta dos Pianos aka Zagallos;SETUBAL;Blue_Trekkers;38.650033;-9.19005;MULTI;SMALL;1.5;1.5;AVAILABLE;2007/11/05;287;13;9;51
GC16NPG;Gouveia, Aldeia em Verso;LISBOA;Shidoki;38.845267;-9.455767;TRADITIONAL;SMALL;1;1;AVAILABLE;2007/10/15;764;6;0;77
GC16FRZ;APULIA - PMI 2;BRAGA;eterlusitano;41.488867;-8.78305;TRADITIONAL;SMALL;1.5;1.5;AVAILABLE;2007/10/07;540;65;1;3
GC13006;S. BENTO DAS PERAS;BRAGA;eterlusitano;41.3842;-8.288767;TRADITIONAL;SMALL;2;2.5;AVAILABLE;2007/05/17;234;14;5;430
GC16Z8R;Sao Martinho (Castelo Branco);CASTELO BRANCO;khukhas;39.803017;-7.463717;TRADITIONAL;REGULAR;2.5;2.5;AVAILABLE;2007/10/26;250;3;2;404
GCKNMB;Old Dam Wall;FARO;outonaboat;37.149033;-8.69355;TRADITIONAL;REGULAR;2;1;AVAILABLE;2004/09/28;255;7;3;-9999999
GC7177;Monumentos Megaliticos (Castelo de Vide);PORTALEGRE;acaciolobo;39.400567;-7.490067;MULTI;OTHER_SIZE;1.5;1.5;AVAILABLE;2002/07/15;185;4;16;401
GCXQVQ;Minho Verde [Pte de Lima - pt+en]];VIANA DO CASTELO;caixeiros;41.689567;-8.5847;MULTI;SMALL;2.5;2.5;AVAILABLE;2006/08/15;60;6;0;239
GC4T2NQ;First cache in Madeira;ARQUIPELAGO DA MADEIRA;Geocalheta;32.640717;-16.935767;TRADITIONAL;MICRO;1.5;1.5;AVAILABLE;2001/11/07;539;35;24;125
GCZFDX;A'caca no Sal;SETUBAL;almeidara;38.3738;-8.510517;MULTI;REGULAR;1.5;1.5;AVAILABLE;2006/11/21;445;8;10;42
GCGMQ7;Fraga da Pena [Arganil];COIMBRA;ricardobsilva;40.2172;-7.935483;TRADITIONAL;REGULAR;2;3.5;AVAILABLE;2003/08/12;406;47;95;447
GCMD0V;A crianca que veio do passado [Leiria];LEIRIA;Baunilha & Chocolate;39.756517;-8.73405;TRADITIONAL;REGULAR;2;3;AVAILABLE;2005/01/01;389;19;11;-9999999
GC15XNT;Lenda de N. Sra. das Neves [Bagunte-Vila do Conde];PORTO;eniel;41.3895;-8.64465;TRADITIONAL;SMALL;2;2;AVAILABLE;2007/09/13;297;1;3;-9999999
GCMVD1;Mata Nacional do Choupal [Coimbra];COIMBRA;Geografo;40.2203;-8.465583;TRADITIONAL;MICRO;3;1.5;AVAILABLE;2005/02/15;802;10;1;15
GC103HP;A Grande Pata;LEIRIA;sismeiro;39.494217;-9.17515;TRADITIONAL;REGULAR;2;3;AVAILABLE;2007/01/01;422;2;30;36
GC11DQ2;Parque de Sao Lourenco [Abrantes];SANTAREM;Kitiara & Sal;39.478533;-8.216117;TRADITIONAL;SMALL;2;2;AVAILABLE;2007/03/11;592;7;3;115
GC177AB;A Beira Rio [Cartaxo];SANTAREM;FamiliaSilvestre;39.084233;-8.756133;MULTI;SMALL;1.5;2;AVAILABLE;2007/11/03;161;22;1;9
GCMFRX;Cerro de S. Miguel [Moncarapacho];FARO;Torgut;37.10215;-7.83275;TRADITIONAL;REGULAR;2;2;AVAILABLE;2005/01/11;410;5;13;363
GCP007;Moorish River;COIMBRA;Geografo;40.09715;-8.4996;TRADITIONAL;SMALL;2;3.5;AVAILABLE;2005/05/19;270;9;64;-9999999
GC32B5;Prehistory Repeating;BRAGA;plntrplntr;41.5284;-8.3148;TRADITIONAL;REGULAR;3.5;2.5;AVAILABLE;2002/01/14;204;2;15;304
GC155DB;Sao Rafael [Albufeira];FARO;hulkman;37.073917;-8.282667;TRADITIONAL;SMALL;1.5;2;AVAILABLE;2007/08/11;1553;19;97;-9999999
GC12D5F;Nossa Senhora de Cervaes [Mangualde];VISEU;cmatos;40.58445;-7.6992;TRADITIONAL;REGULAR;1.5;1;AVAILABLE;2007/04/21;211;2;0;544
GCZW2A;Judaismo [Sinagoga];LISBOA;almeidara;38.72045;-9.1534;MULTI;MICRO;2.5;1.5;AVAILABLE;2006/12/17;515;13;3;84
GC14QEY;Percurso Aldeia Nova [Monte Gordo];FARO;alieri;37.179317;-7.466617;TRADITIONAL;SMALL;2.5;1.5;AVAILABLE;2007/07/28;627;11;8;5
GC174KW;ARRIFE Twins IV;SANTAREM;sammendes;39.546617;-8.586667;TRADITIONAL;SMALL;2;3.5;AVAILABLE;2007/11/02;99;2;4;186
GCF508;Far away, so close;CASTELO BRANCO;GreenShades;39.644917;-7.68785;TRADITIONAL;REGULAR;2;4;AVAILABLE;2003/04/06;206;21;71;165
GCXG2X;Uptown [Lisbon];LISBOA;B.O.D.A.;38.7798;-9.152917;TRADITIONAL;MICRO;3.5;1.5;AVAILABLE;2006/08/03;536;93;10;-9999999
GC110G4;Cascata do Arado;BRAGA;gang_hotwheels;41.719967;-8.131117;TRADITIONAL;REGULAR;2.5;3.5;AVAILABLE;2007/02/13;766;83;18;732
